Product,SerialNumber,Station_ID,Site_ID,PASS/FAIL,Error_Message,Failed_List,Test Start Time,Test Stop Time,Power1 enable,Power1 on Scorpious_1 8V,Set UART2 baud rate,Reset CH2,Switch to CH2-L0,programmer CH2-L0,Reset CH2,Switch CH2-L4,rogrammer CH2-L4-1,Reset CH2,Switch CH2-L4,rogrammer CH2-L4-2,Reset CH2,Switch to CH2-BLE,programmer CH2-BLE,Nanoboot,Application, BT FW,Touch FW,Touch Cal,Accel Algs,Charger FW,Power FW,Reset CH2,
Upper Limited----->,,,,,,,,,,,,,,,,,,,,,,,,,,,,,,,,,
Lower Limited----->,,,,,,,,,,,,,,,,,,,,,,,,,,,,,,,,,
Measurement unit----->,,,,,,,,,,v,,,,,,,,,,,,,,,,,,,,,,,
B332,,CWNJ_C02-2FAP-28_2_DFU,2,PASS,,,2018-03-20-19-00-04,2018-03-20-19-08-03,PASS,1.8,PASS,PASS,PASS,PASS,PASS,PASS,PASS,PASS,PASS,PASS,PASS,PASS,PASS, v0011 , v0011 , v0012 , v0427 , v0000 , v0002 , v0011 , v0122 ,PASS,
B332,,CWNJ_C02-2FAP-28_2_DFU,3,PASS,,,2018-03-20-19-00-04,2018-03-20-19-07-49,PASS,1.8,PASS,PASS,PASS,PASS,PASS,PASS,PASS,PASS,PASS,PASS,PASS,PASS,PASS, v0011 , v0011 , v0012 , v0427 , v0000 , v0002 , v0011 , v0122 ,PASS,
B332,,CWNJ_C02-2FAP-28_2_DFU,4,PASS,,,2018-03-20-19-00-04,2018-03-20-19-08-08,PASS,1.8,PASS,PASS,PASS,PASS,PASS,PASS,PASS,PASS,PASS,PASS,PASS,PASS,PASS, v0011 , v0011 , v0012 , v0427 , v0000 , v0002 , v0011 , v0122 ,PASS,
B332,,CWNJ_C02-2FAP-28_2_DFU,5,PASS,,,2018-03-20-19-00-04,2018-03-20-19-08-04,PASS,1.8,PASS,PASS,PASS,PASS,PASS,PASS,PASS,PASS,PASS,PASS,PASS,PASS,PASS, v0011 , v0011 , v0012 , v0427 , v0000 , v0002 , v0011 , v0122 ,PASS,
B332,,CWNJ_C02-2FAP-28_2_DFU,6,PASS,,,2018-03-20-19-00-04,2018-03-20-19-08-04,PASS,1.8,PASS,PASS,PASS,PASS,PASS,PASS,PASS,PASS,PASS,PASS,PASS,PASS,PASS, v0011 , v0011 , v0012 , v0427 , v0000 , v0002 , v0011 , v0122 ,
B332,,CWNJ_C02-2FAP-28_2_DFU,7,PASS,,,2018-03-20-19-00-04,2018-03-20-19-07-47,PASS,1.8,PASS,PASS,PASS,PASS,PASS,PASS,PASS,PASS,PASS,PASS,PASS,PASS,PASS, v0011 , v0011 , v0012 , v0427 , v0000 , v0002 , v0011 , v0122 ,PASS,
B332,,CWNJ_C02-2FAP-28_2_DFU,8,PASS,,,2018-03-20-19-00-04,2018-03-20-19-07-59,PASS,1.8,PASS,PASS,PASS,PASS,PASS,PASS,PASS,PASS,PASS,PASS,PASS,PASS,PASS, v0011 , v0011 , v0012 , v0427 , v0000 , v0002 , v0011 , v0122 ,PASS,
B332,,CWNJ_C02-2FAP-28_2_DFU,9,PASS,,,2018-03-20-19-00-04,2018-03-20-19-08-02,PASS,1.8,PASS,PASS,PASS,PASS,PASS,PASS,PASS,PASS,PASS,PASS,PASS,PASS,PASS, v0011 , v0011 , v0012 , v0427 , v0000 , v0002 , v0011 , v0122 ,PASS,
B332,,CWNJ_C02-2FAP-28_2_DFU,10,PASS,,,2018-03-20-19-00-04,2018-03-20-19-08-00,PASS,1.8,PASS,PASS,PASS,PASS,PASS,PASS,PASS,PASS,PASS,PASS,PASS,PASS,PASS, v0011 , v0011 , v0012 , v0427 , v0000 , v0002 , v0011 , v0122 ,PASS,
B332,,CWNJ_C02-2FAP-28_2_DFU,11,PASS,,,2018-03-20-19-00-04,2018-03-20-19-08-01,PASS,1.8,PASS,PASS,PASS,PASS,PASS,PASS,PASS,PASS,PASS,PASS,PASS,PASS,PASS, v0011 , v0011 , v0012 , v0427 , v0000 , v0002 , v0011 , v0122 ,PASS,
B332,,CWNJ_C02-2FAP-28_2_DFU,2,PASS,,,2018-03-20-19-11-44,2018-03-20-19-19-26,PASS,1.8,PASS,PASS,PASS,PASS,PASS,PASS,PASS,PASS,PASS,PASS,PASS,PASS,PASS, v0011 , v0011 , v0012 , v0427 , v0000 , v0002 , v0011 , v0122 ,PASS,
B332,,CWNJ_C02-2FAP-28_2_DFU,3,PASS,,,2018-03-20-19-11-44,2018-03-20-19-19-11,PASS,1.8,PASS,PASS,PASS,PASS,PASS,PASS,PASS,PASS,PASS,PASS,PASS,PASS,PASS, v0011 , v0011 , v0012 , v0427 , v0000 , v0002 , v0011 , v0122 ,PASS,
B332,,CWNJ_C02-2FAP-28_2_DFU,4,PASS,,,2018-03-20-19-11-44,2018-03-20-19-19-17,PASS,1.8,PASS,PASS,PASS,PASS,PASS,PASS,PASS,PASS,PASS,PASS,PASS,PASS,PASS, v0011 , v0011 , v0012 , v0427 , v0000 , v0002 , v0011 , v0122 ,PASS,
B332,,CWNJ_C02-2FAP-28_2_DFU,5,PASS,,,2018-03-20-19-11-44,2018-03-20-19-18-56,PASS,1.8,PASS,PASS,PASS,PASS,PASS,PASS,PASS,PASS,PASS,PASS,PASS,PASS,PASS, v0011 , v0011 , v0012 , v0427 , v0000 , v0002 , v0011 , v0122 ,PASS,
B332,,CWNJ_C02-2FAP-28_2_DFU,6,PASS,,,2018-03-20-19-11-44,2018-03-20-19-19-12,PASS,1.8,PASS,PASS,PASS,PASS,PASS,PASS,PASS,PASS,PASS,PASS,PASS,PASS,PASS, v0011 , v0011 , v0012 , v0427 , v0000 , v0002 , v0011 , v0122 ,
B332,,CWNJ_C02-2FAP-28_2_DFU,7,PASS,,,2018-03-20-19-11-44,2018-03-20-19-19-03,PASS,1.8,PASS,PASS,PASS,PASS,PASS,PASS,PASS,PASS,PASS,PASS,PASS,PASS,PASS, v0011 , v0011 , v0012 , v0427 , v0000 , v0002 , v0011 , v0122 ,PASS,
B332,,CWNJ_C02-2FAP-28_2_DFU,8,FAIL,,programmer CH8-L4-1#programmer CH8-L4-2#programmer CH8-BLE#Nanoboot#Application# BT FW#Touch FW#Touch Cal#Accel Algs#Charger FW#Power FW#,2018-03-20-19-11-44,2018-03-20-19-13-44,PASS,1.8,PASS,PASS,PASS,PASS,PASS,PASS,FAIL,PASS,PASS,FAIL,PASS,PASS,FAIL,,,,,,,,,PASS,
B332,,CWNJ_C02-2FAP-28_2_DFU,9,PASS,,,2018-03-20-19-11-44,2018-03-20-19-19-08,PASS,1.8,PASS,PASS,PASS,PASS,PASS,PASS,PASS,PASS,PASS,PASS,PASS,PASS,PASS, v0011 , v0011 , v0012 , v0427 , v0000 , v0002 , v0011 , v0122 ,PASS,
B332,,CWNJ_C02-2FAP-28_2_DFU,10,PASS,,,2018-03-20-19-11-44,2018-03-20-19-19-04,PASS,1.8,PASS,PASS,PASS,PASS,PASS,PASS,PASS,PASS,PASS,PASS,PASS,PASS,PASS, v0011 , v0011 , v0012 , v0427 , v0000 , v0002 , v0011 , v0122 ,PASS,
B332,,CWNJ_C02-2FAP-28_2_DFU,11,PASS,,,2018-03-20-19-11-44,2018-03-20-19-19-12,PASS,1.8,PASS,PASS,PASS,PASS,PASS,PASS,PASS,PASS,PASS,PASS,PASS,PASS,PASS, v0011 , v0011 , v0012 , v0427 , v0000 , v0002 , v0011 , v0122 ,PASS,
B332,,CWNJ_C02-2FAP-28_2_DFU,2,PASS,,,2018-03-20-19-20-39,2018-03-20-19-28-56,PASS,1.8,PASS,PASS,PASS,PASS,PASS,PASS,PASS,PASS,PASS,PASS,PASS,PASS,PASS, v0011 , v0011 , v0012 , v0427 , v0000 , v0002 , v0011 , v0122 ,PASS,
B332,,CWNJ_C02-2FAP-28_2_DFU,3,PASS,,,2018-03-20-19-20-39,2018-03-20-19-28-38,PASS,1.8,PASS,PASS,PASS,PASS,PASS,PASS,PASS,PASS,PASS,PASS,PASS,PASS,PASS, v0011 , v0011 , v0012 , v0427 , v0000 , v0002 , v0011 , v0122 ,PASS,
B332,,CWNJ_C02-2FAP-28_2_DFU,4,PASS,,,2018-03-20-19-20-39,2018-03-20-19-28-44,PASS,1.8,PASS,PASS,PASS,PASS,PASS,PASS,PASS,PASS,PASS,PASS,PASS,PASS,PASS, v0011 , v0011 , v0012 , v0427 , v0000 , v0002 , v0011 , v0122 ,PASS,
B332,,CWNJ_C02-2FAP-28_2_DFU,5,PASS,,,2018-03-20-19-20-39,2018-03-20-19-28-33,PASS,1.8,PASS,PASS,PASS,PASS,PASS,PASS,PASS,PASS,PASS,PASS,PASS,PASS,PASS, v0011 , v0011 , v0012 , v0427 , v0000 , v0002 , v0011 , v0122 ,PASS,
B332,,CWNJ_C02-2FAP-28_2_DFU,6,PASS,,,2018-03-20-19-20-39,2018-03-20-19-28-38,PASS,1.8,PASS,PASS,PASS,PASS,PASS,PASS,PASS,PASS,PASS,PASS,PASS,PASS,PASS, v0011 , v0011 , v0012 , v0427 , v0000 , v0002 , v0011 , v0122 ,
B332,,CWNJ_C02-2FAP-28_2_DFU,7,PASS,,,2018-03-20-19-20-39,2018-03-20-19-28-13,PASS,1.8,PASS,PASS,PASS,PASS,PASS,PASS,PASS,PASS,PASS,PASS,PASS,PASS,PASS, v0011 , v0011 , v0012 , v0427 , v0000 , v0002 , v0011 , v0122 ,PASS,
B332,,CWNJ_C02-2FAP-28_2_DFU,8,PASS,,,2018-03-20-19-20-39,2018-03-20-19-28-33,PASS,1.8,PASS,PASS,PASS,PASS,PASS,PASS,PASS,PASS,PASS,PASS,PASS,PASS,PASS, v0011 , v0011 , v0012 , v0427 , v0000 , v0002 , v0011 , v0122 ,PASS,
B332,,CWNJ_C02-2FAP-28_2_DFU,9,PASS,,,2018-03-20-19-20-39,2018-03-20-19-28-36,PASS,1.8,PASS,PASS,PASS,PASS,PASS,PASS,PASS,PASS,PASS,PASS,PASS,PASS,PASS, v0011 , v0011 , v0012 , v0427 , v0000 , v0002 , v0011 , v0122 ,PASS,
B332,,CWNJ_C02-2FAP-28_2_DFU,10,PASS,,,2018-03-20-19-20-39,2018-03-20-19-28-38,PASS,1.8,PASS,PASS,PASS,PASS,PASS,PASS,PASS,PASS,PASS,PASS,PASS,PASS,PASS, v0011 , v0011 , v0012 , v0427 , v0000 , v0002 , v0011 , v0122 ,PASS,
B332,,CWNJ_C02-2FAP-28_2_DFU,11,PASS,,,2018-03-20-19-20-39,2018-03-20-19-28-30,PASS,1.8,PASS,PASS,PASS,PASS,PASS,PASS,PASS,PASS,PASS,PASS,PASS,PASS,PASS, v0011 , v0011 , v0012 , v0427 , v0000 , v0002 , v0011 , v0122 ,PASS,
B332,,CWNJ_C02-2FAP-28_2_DFU,2,PASS,,,2018-03-20-19-30-09,2018-03-20-19-38-04,PASS,1.8,PASS,PASS,PASS,PASS,PASS,PASS,PASS,PASS,PASS,PASS,PASS,PASS,PASS, v0011 , v0011 , v0012 , v0427 , v0000 , v0002 , v0011 , v0122 ,PASS,
B332,,CWNJ_C02-2FAP-28_2_DFU,3,PASS,,,2018-03-20-19-30-09,2018-03-20-19-38-04,PASS,1.8,PASS,PASS,PASS,PASS,PASS,PASS,PASS,PASS,PASS,PASS,PASS,PASS,PASS, v0011 , v0011 , v0012 , v0427 , v0000 , v0002 , v0011 , v0122 ,PASS,
B332,,CWNJ_C02-2FAP-28_2_DFU,4,PASS,,,2018-03-20-19-30-09,2018-03-20-19-38-15,PASS,1.8,PASS,PASS,PASS,PASS,PASS,PASS,PASS,PASS,PASS,PASS,PASS,PASS,PASS, v0011 , v0011 , v0012 , v0427 , v0000 , v0002 , v0011 , v0122 ,PASS,
B332,,CWNJ_C02-2FAP-28_2_DFU,5,PASS,,,2018-03-20-19-30-09,2018-03-20-19-38-07,PASS,1.8,PASS,PASS,PASS,PASS,PASS,PASS,PASS,PASS,PASS,PASS,PASS,PASS,PASS, v0011 , v0011 , v0012 , v0427 , v0000 , v0002 , v0011 , v0122 ,PASS,
B332,,CWNJ_C02-2FAP-28_2_DFU,6,PASS,,,2018-03-20-19-30-09,2018-03-20-19-38-05,PASS,1.8,PASS,PASS,PASS,PASS,PASS,PASS,PASS,PASS,PASS,PASS,PASS,PASS,PASS, v0011 , v0011 , v0012 , v0427 , v0000 , v0002 , v0011 , v0122 ,
B332,,CWNJ_C02-2FAP-28_2_DFU,7,PASS,,,2018-03-20-19-30-09,2018-03-20-19-38-04,PASS,1.8,PASS,PASS,PASS,PASS,PASS,PASS,PASS,PASS,PASS,PASS,PASS,PASS,PASS, v0011 , v0011 , v0012 , v0427 , v0000 , v0002 , v0011 , v0122 ,PASS,
B332,,CWNJ_C02-2FAP-28_2_DFU,8,PASS,,,2018-03-20-19-30-09,2018-03-20-19-38-08,PASS,1.8,PASS,PASS,PASS,PASS,PASS,PASS,PASS,PASS,PASS,PASS,PASS,PASS,PASS, v0011 , v0011 , v0012 , v0427 , v0000 , v0002 , v0011 , v0122 ,PASS,
B332,,CWNJ_C02-2FAP-28_2_DFU,9,PASS,,,2018-03-20-19-30-09,2018-03-20-19-38-02,PASS,1.8,PASS,PASS,PASS,PASS,PASS,PASS,PASS,PASS,PASS,PASS,PASS,PASS,PASS, v0011 , v0011 , v0012 , v0427 , v0000 , v0002 , v0011 , v0122 ,PASS,
B332,,CWNJ_C02-2FAP-28_2_DFU,10,PASS,,,2018-03-20-19-30-09,2018-03-20-19-38-04,PASS,1.8,PASS,PASS,PASS,PASS,PASS,PASS,PASS,PASS,PASS,PASS,PASS,PASS,PASS, v0011 , v0011 , v0012 , v0427 , v0000 , v0002 , v0011 , v0122 ,PASS,
B332,,CWNJ_C02-2FAP-28_2_DFU,11,PASS,,,2018-03-20-19-30-09,2018-03-20-19-38-09,PASS,1.8,PASS,PASS,PASS,PASS,PASS,PASS,PASS,PASS,PASS,PASS,PASS,PASS,PASS, v0011 , v0011 , v0012 , v0427 , v0000 , v0002 , v0011 , v0122 ,PASS,
B332,,CWNJ_C02-2FAP-28_2_DFU,2,PASS,,,2018-03-20-19-39-25,2018-03-20-19-47-26,PASS,1.8,PASS,PASS,PASS,PASS,PASS,PASS,PASS,PASS,PASS,PASS,PASS,PASS,PASS, v0011 , v0011 , v0012 , v0427 , v0000 , v0002 , v0011 , v0122 ,PASS,
B332,,CWNJ_C02-2FAP-28_2_DFU,3,PASS,,,2018-03-20-19-39-25,2018-03-20-19-47-20,PASS,1.8,PASS,PASS,PASS,PASS,PASS,PASS,PASS,PASS,PASS,PASS,PASS,PASS,PASS, v0011 , v0011 , v0012 , v0427 , v0000 , v0002 , v0011 , v0122 ,PASS,
B332,,CWNJ_C02-2FAP-28_2_DFU,4,PASS,,,2018-03-20-19-39-25,2018-03-20-19-47-28,PASS,1.8,PASS,PASS,PASS,PASS,PASS,PASS,PASS,PASS,PASS,PASS,PASS,PASS,PASS, v0011 , v0011 , v0012 , v0427 , v0000 , v0002 , v0011 , v0122 ,PASS,
B332,,CWNJ_C02-2FAP-28_2_DFU,5,PASS,,,2018-03-20-19-39-25,2018-03-20-19-47-17,PASS,1.8,PASS,PASS,PASS,PASS,PASS,PASS,PASS,PASS,PASS,PASS,PASS,PASS,PASS, v0011 , v0011 , v0012 , v0427 , v0000 , v0002 , v0011 , v0122 ,PASS,
B332,,CWNJ_C02-2FAP-28_2_DFU,6,PASS,,,2018-03-20-19-39-25,2018-03-20-19-47-24,PASS,1.8,PASS,PASS,PASS,PASS,PASS,PASS,PASS,PASS,PASS,PASS,PASS,PASS,PASS, v0011 , v0011 , v0012 , v0427 , v0000 , v0002 , v0011 , v0122 ,
B332,,CWNJ_C02-2FAP-28_2_DFU,7,PASS,,,2018-03-20-19-39-25,2018-03-20-19-47-06,PASS,1.8,PASS,PASS,PASS,PASS,PASS,PASS,PASS,PASS,PASS,PASS,PASS,PASS,PASS, v0011 , v0011 , v0012 , v0427 , v0000 , v0002 , v0011 , v0122 ,PASS,
B332,,CWNJ_C02-2FAP-28_2_DFU,8,PASS,,,2018-03-20-19-39-25,2018-03-20-19-47-23,PASS,1.8,PASS,PASS,PASS,PASS,PASS,PASS,PASS,PASS,PASS,PASS,PASS,PASS,PASS, v0011 , v0011 , v0012 , v0427 , v0000 , v0002 , v0011 , v0122 ,PASS,
B332,,CWNJ_C02-2FAP-28_2_DFU,9,PASS,,,2018-03-20-19-39-25,2018-03-20-19-47-22,PASS,1.8,PASS,PASS,PASS,PASS,PASS,PASS,PASS,PASS,PASS,PASS,PASS,PASS,PASS, v0011 , v0011 , v0012 , v0427 , v0000 , v0002 , v0011 , v0122 ,PASS,
B332,,CWNJ_C02-2FAP-28_2_DFU,10,PASS,,,2018-03-20-19-39-25,2018-03-20-19-47-18,PASS,1.8,PASS,PASS,PASS,PASS,PASS,PASS,PASS,PASS,PASS,PASS,PASS,PASS,PASS, v0011 , v0011 , v0012 , v0427 , v0000 , v0002 , v0011 , v0122 ,PASS,
B332,,CWNJ_C02-2FAP-28_2_DFU,11,PASS,,,2018-03-20-19-39-25,2018-03-20-19-47-24,PASS,1.8,PASS,PASS,PASS,PASS,PASS,PASS,PASS,PASS,PASS,PASS,PASS,PASS,PASS, v0011 , v0011 , v0012 , v0427 , v0000 , v0002 , v0011 , v0122 ,PASS,
B332,,CWNJ_C02-2FAP-28_2_DFU,2,PASS,,,2018-03-20-19-48-39,2018-03-20-19-56-49,PASS,1.8,PASS,PASS,PASS,PASS,PASS,PASS,PASS,PASS,PASS,PASS,PASS,PASS,PASS, v0011 , v0011 , v0012 , v0427 , v0000 , v0002 , v0011 , v0122 ,PASS,
B332,,CWNJ_C02-2FAP-28_2_DFU,3,PASS,,,2018-03-20-19-48-39,2018-03-20-19-56-39,PASS,1.8,PASS,PASS,PASS,PASS,PASS,PASS,PASS,PASS,PASS,PASS,PASS,PASS,PASS, v0011 , v0011 , v0012 , v0427 , v0000 , v0002 , v0011 , v0122 ,PASS,
B332,,CWNJ_C02-2FAP-28_2_DFU,4,PASS,,,2018-03-20-19-48-39,2018-03-20-19-56-44,PASS,1.8,PASS,PASS,PASS,PASS,PASS,PASS,PASS,PASS,PASS,PASS,PASS,PASS,PASS, v0011 , v0011 , v0012 , v0427 , v0000 , v0002 , v0011 , v0122 ,PASS,
B332,,CWNJ_C02-2FAP-28_2_DFU,5,PASS,,,2018-03-20-19-48-39,2018-03-20-19-56-39,PASS,1.8,PASS,PASS,PASS,PASS,PASS,PASS,PASS,PASS,PASS,PASS,PASS,PASS,PASS, v0011 , v0011 , v0012 , v0427 , v0000 , v0002 , v0011 , v0122 ,PASS,
B332,,CWNJ_C02-2FAP-28_2_DFU,6,PASS,,,2018-03-20-19-48-39,2018-03-20-19-56-39,PASS,1.8,PASS,PASS,PASS,PASS,PASS,PASS,PASS,PASS,PASS,PASS,PASS,PASS,PASS, v0011 , v0011 , v0012 , v0427 , v0000 , v0002 , v0011 , v0122 ,
B332,,CWNJ_C02-2FAP-28_2_DFU,7,PASS,,,2018-03-20-19-48-39,2018-03-20-19-56-17,PASS,1.8,PASS,PASS,PASS,PASS,PASS,PASS,PASS,PASS,PASS,PASS,PASS,PASS,PASS, v0011 , v0011 , v0012 , v0427 , v0000 , v0002 , v0011 , v0122 ,PASS,
B332,,CWNJ_C02-2FAP-28_2_DFU,8,PASS,,,2018-03-20-19-48-39,2018-03-20-19-56-35,PASS,1.8,PASS,PASS,PASS,PASS,PASS,PASS,PASS,PASS,PASS,PASS,PASS,PASS,PASS, v0011 , v0011 , v0012 , v0427 , v0000 , v0002 , v0011 , v0122 ,PASS,
B332,,CWNJ_C02-2FAP-28_2_DFU,9,PASS,,,2018-03-20-19-48-39,2018-03-20-19-56-27,PASS,1.8,PASS,PASS,PASS,PASS,PASS,PASS,PASS,PASS,PASS,PASS,PASS,PASS,PASS, v0011 , v0011 , v0012 , v0427 , v0000 , v0002 , v0011 , v0122 ,PASS,
B332,,CWNJ_C02-2FAP-28_2_DFU,10,PASS,,,2018-03-20-19-48-39,2018-03-20-19-56-34,PASS,1.8,PASS,PASS,PASS,PASS,PASS,PASS,PASS,PASS,PASS,PASS,PASS,PASS,PASS, v0011 , v0011 , v0012 , v0427 , v0000 , v0002 , v0011 , v0122 ,PASS,
B332,,CWNJ_C02-2FAP-28_2_DFU,11,PASS,,,2018-03-20-19-48-39,2018-03-20-19-56-38,PASS,1.8,PASS,PASS,PASS,PASS,PASS,PASS,PASS,PASS,PASS,PASS,PASS,PASS,PASS, v0011 , v0011 , v0012 , v0427 , v0000 , v0002 , v0011 , v0122 ,PASS,
B332,,CWNJ_C02-2FAP-28_2_DFU,2,PASS,,,2018-03-20-19-58-02,2018-03-20-20-06-16,PASS,1.8,PASS,PASS,PASS,PASS,PASS,PASS,PASS,PASS,PASS,PASS,PASS,PASS,PASS, v0011 , v0011 , v0012 , v0427 , v0000 , v0002 , v0011 , v0122 ,PASS,
B332,,CWNJ_C02-2FAP-28_2_DFU,3,PASS,,,2018-03-20-19-58-02,2018-03-20-20-05-55,PASS,1.8,PASS,PASS,PASS,PASS,PASS,PASS,PASS,PASS,PASS,PASS,PASS,PASS,PASS, v0011 , v0011 , v0012 , v0427 , v0000 , v0002 , v0011 , v0122 ,PASS,
B332,,CWNJ_C02-2FAP-28_2_DFU,4,PASS,,,2018-03-20-19-58-02,2018-03-20-20-06-06,PASS,1.8,PASS,PASS,PASS,PASS,PASS,PASS,PASS,PASS,PASS,PASS,PASS,PASS,PASS, v0011 , v0011 , v0012 , v0427 , v0000 , v0002 , v0011 , v0122 ,PASS,
B332,,CWNJ_C02-2FAP-28_2_DFU,5,PASS,,,2018-03-20-19-58-02,2018-03-20-20-06-02,PASS,1.8,PASS,PASS,PASS,PASS,PASS,PASS,PASS,PASS,PASS,PASS,PASS,PASS,PASS, v0011 , v0011 , v0012 , v0427 , v0000 , v0002 , v0011 , v0122 ,PASS,
B332,,CWNJ_C02-2FAP-28_2_DFU,6,PASS,,,2018-03-20-19-58-02,2018-03-20-20-06-02,PASS,1.8,PASS,PASS,PASS,PASS,PASS,PASS,PASS,PASS,PASS,PASS,PASS,PASS,PASS, v0011 , v0011 , v0012 , v0427 , v0000 , v0002 , v0011 , v0122 ,
B332,,CWNJ_C02-2FAP-28_2_DFU,7,PASS,,,2018-03-20-19-58-02,2018-03-20-20-05-56,PASS,1.8,PASS,PASS,PASS,PASS,PASS,PASS,PASS,PASS,PASS,PASS,PASS,PASS,PASS, v0011 , v0011 , v0012 , v0427 , v0000 , v0002 , v0011 , v0122 ,PASS,
B332,,CWNJ_C02-2FAP-28_2_DFU,8,PASS,,,2018-03-20-19-58-02,2018-03-20-20-06-00,PASS,1.8,PASS,PASS,PASS,PASS,PASS,PASS,PASS,PASS,PASS,PASS,PASS,PASS,PASS, v0011 , v0011 , v0012 , v0427 , v0000 , v0002 , v0011 , v0122 ,PASS,
B332,,CWNJ_C02-2FAP-28_2_DFU,9,PASS,,,2018-03-20-19-58-02,2018-03-20-20-06-03,PASS,1.8,PASS,PASS,PASS,PASS,PASS,PASS,PASS,PASS,PASS,PASS,PASS,PASS,PASS, v0011 , v0011 , v0012 , v0427 , v0000 , v0002 , v0011 , v0122 ,PASS,
B332,,CWNJ_C02-2FAP-28_2_DFU,10,PASS,,,2018-03-20-19-58-02,2018-03-20-20-05-56,PASS,1.8,PASS,PASS,PASS,PASS,PASS,PASS,PASS,PASS,PASS,PASS,PASS,PASS,PASS, v0011 , v0011 , v0012 , v0427 , v0000 , v0002 , v0011 , v0122 ,PASS,
B332,,CWNJ_C02-2FAP-28_2_DFU,11,PASS,,,2018-03-20-19-58-02,2018-03-20-20-06-01,PASS,1.8,PASS,PASS,PASS,PASS,PASS,PASS,PASS,PASS,PASS,PASS,PASS,PASS,PASS, v0011 , v0011 , v0012 , v0427 , v0000 , v0002 , v0011 , v0122 ,PASS,
B332,,CWNJ_C02-2FAP-28_2_DFU,2,PASS,,,2018-03-20-20-07-30,2018-03-20-20-15-43,PASS,1.8,PASS,PASS,PASS,PASS,PASS,PASS,PASS,PASS,PASS,PASS,PASS,PASS,PASS, v0011 , v0011 , v0012 , v0427 , v0000 , v0002 , v0011 , v0122 ,PASS,
B332,,CWNJ_C02-2FAP-28_2_DFU,3,PASS,,,2018-03-20-20-07-30,2018-03-20-20-15-18,PASS,1.8,PASS,PASS,PASS,PASS,PASS,PASS,PASS,PASS,PASS,PASS,PASS,PASS,PASS, v0011 , v0011 , v0012 , v0427 , v0000 , v0002 , v0011 , v0122 ,PASS,
B332,,CWNJ_C02-2FAP-28_2_DFU,4,PASS,,,2018-03-20-20-07-30,2018-03-20-20-15-34,PASS,1.8,PASS,PASS,PASS,PASS,PASS,PASS,PASS,PASS,PASS,PASS,PASS,PASS,PASS, v0011 , v0011 , v0012 , v0427 , v0000 , v0002 , v0011 , v0122 ,PASS,
B332,,CWNJ_C02-2FAP-28_2_DFU,5,PASS,,,2018-03-20-20-07-30,2018-03-20-20-15-29,PASS,1.8,PASS,PASS,PASS,PASS,PASS,PASS,PASS,PASS,PASS,PASS,PASS,PASS,PASS, v0011 , v0011 , v0012 , v0427 , v0000 , v0002 , v0011 , v0122 ,PASS,
B332,,CWNJ_C02-2FAP-28_2_DFU,6,PASS,,,2018-03-20-20-07-30,2018-03-20-20-15-32,PASS,1.8,PASS,PASS,PASS,PASS,PASS,PASS,PASS,PASS,PASS,PASS,PASS,PASS,PASS, v0011 , v0011 , v0012 , v0427 , v0000 , v0002 , v0011 , v0122 ,
B332,,CWNJ_C02-2FAP-28_2_DFU,7,PASS,,,2018-03-20-20-07-30,2018-03-20-20-15-20,PASS,1.8,PASS,PASS,PASS,PASS,PASS,PASS,PASS,PASS,PASS,PASS,PASS,PASS,PASS, v0011 , v0011 , v0012 , v0427 , v0000 , v0002 , v0011 , v0122 ,PASS,
B332,,CWNJ_C02-2FAP-28_2_DFU,8,PASS,,,2018-03-20-20-07-30,2018-03-20-20-15-15,PASS,1.8,PASS,PASS,PASS,PASS,PASS,PASS,PASS,PASS,PASS,PASS,PASS,PASS,PASS, v0011 , v0011 , v0012 , v0427 , v0000 , v0002 , v0011 , v0122 ,PASS,
B332,,CWNJ_C02-2FAP-28_2_DFU,9,PASS,,,2018-03-20-20-07-30,2018-03-20-20-15-29,PASS,1.8,PASS,PASS,PASS,PASS,PASS,PASS,PASS,PASS,PASS,PASS,PASS,PASS,PASS, v0011 , v0011 , v0012 , v0427 , v0000 , v0002 , v0011 , v0122 ,PASS,
B332,,CWNJ_C02-2FAP-28_2_DFU,10,PASS,,,2018-03-20-20-07-30,2018-03-20-20-15-28,PASS,1.8,PASS,PASS,PASS,PASS,PASS,PASS,PASS,PASS,PASS,PASS,PASS,PASS,PASS, v0011 , v0011 , v0012 , v0427 , v0000 , v0002 , v0011 , v0122 ,PASS,
B332,,CWNJ_C02-2FAP-28_2_DFU,11,PASS,,,2018-03-20-20-07-30,2018-03-20-20-15-30,PASS,1.8,PASS,PASS,PASS,PASS,PASS,PASS,PASS,PASS,PASS,PASS,PASS,PASS,PASS, v0011 , v0011 , v0012 , v0427 , v0000 , v0002 , v0011 , v0122 ,PASS,
B332,,CWNJ_C02-2FAP-28_2_DFU,2,PASS,,,2018-03-20-20-16-56,2018-03-20-20-25-07,PASS,1.8,PASS,PASS,PASS,PASS,PASS,PASS,PASS,PASS,PASS,PASS,PASS,PASS,PASS, v0011 , v0011 , v0012 , v0427 , v0000 , v0002 , v0011 , v0122 ,PASS,
B332,,CWNJ_C02-2FAP-28_2_DFU,3,PASS,,,2018-03-20-20-16-56,2018-03-20-20-24-52,PASS,1.8,PASS,PASS,PASS,PASS,PASS,PASS,PASS,PASS,PASS,PASS,PASS,PASS,PASS, v0011 , v0011 , v0012 , v0427 , v0000 , v0002 , v0011 , v0122 ,PASS,
B332,,CWNJ_C02-2FAP-28_2_DFU,4,PASS,,,2018-03-20-20-16-56,2018-03-20-20-25-01,PASS,1.8,PASS,PASS,PASS,PASS,PASS,PASS,PASS,PASS,PASS,PASS,PASS,PASS,PASS, v0011 , v0011 , v0012 , v0427 , v0000 , v0002 , v0011 , v0122 ,PASS,
B332,,CWNJ_C02-2FAP-28_2_DFU,5,PASS,,,2018-03-20-20-16-56,2018-03-20-20-24-54,PASS,1.8,PASS,PASS,PASS,PASS,PASS,PASS,PASS,PASS,PASS,PASS,PASS,PASS,PASS, v0011 , v0011 , v0012 , v0427 , v0000 , v0002 , v0011 , v0122 ,PASS,
B332,,CWNJ_C02-2FAP-28_2_DFU,6,PASS,,,2018-03-20-20-16-56,2018-03-20-20-24-52,PASS,1.8,PASS,PASS,PASS,PASS,PASS,PASS,PASS,PASS,PASS,PASS,PASS,PASS,PASS, v0011 , v0011 , v0012 , v0427 , v0000 , v0002 , v0011 , v0122 ,
B332,,CWNJ_C02-2FAP-28_2_DFU,7,PASS,,,2018-03-20-20-16-56,2018-03-20-20-24-37,PASS,1.8,PASS,PASS,PASS,PASS,PASS,PASS,PASS,PASS,PASS,PASS,PASS,PASS,PASS, v0011 , v0011 , v0012 , v0427 , v0000 , v0002 , v0011 , v0122 ,PASS,
B332,,CWNJ_C02-2FAP-28_2_DFU,8,PASS,,,2018-03-20-20-16-56,2018-03-20-20-24-56,PASS,1.8,PASS,PASS,PASS,PASS,PASS,PASS,PASS,PASS,PASS,PASS,PASS,PASS,PASS, v0011 , v0011 , v0012 , v0427 , v0000 , v0002 , v0011 , v0122 ,PASS,
B332,,CWNJ_C02-2FAP-28_2_DFU,9,PASS,,,2018-03-20-20-16-56,2018-03-20-20-24-48,PASS,1.8,PASS,PASS,PASS,PASS,PASS,PASS,PASS,PASS,PASS,PASS,PASS,PASS,PASS, v0011 , v0011 , v0012 , v0427 , v0000 , v0002 , v0011 , v0122 ,PASS,
B332,,CWNJ_C02-2FAP-28_2_DFU,10,PASS,,,2018-03-20-20-16-56,2018-03-20-20-24-54,PASS,1.8,PASS,PASS,PASS,PASS,PASS,PASS,PASS,PASS,PASS,PASS,PASS,PASS,PASS, v0011 , v0011 , v0012 , v0427 , v0000 , v0002 , v0011 , v0122 ,PASS,
B332,,CWNJ_C02-2FAP-28_2_DFU,11,PASS,,,2018-03-20-20-16-56,2018-03-20-20-24-56,PASS,1.8,PASS,PASS,PASS,PASS,PASS,PASS,PASS,PASS,PASS,PASS,PASS,PASS,PASS, v0011 , v0011 , v0012 , v0427 , v0000 , v0002 , v0011 , v0122 ,PASS,
B332,,CWNJ_C02-2FAP-28_2_DFU,2,PASS,,,2018-03-20-20-26-20,2018-03-20-20-34-10,PASS,1.8,PASS,PASS,PASS,PASS,PASS,PASS,PASS,PASS,PASS,PASS,PASS,PASS,PASS, v0011 , v0011 , v0012 , v0427 , v0000 , v0002 , v0011 , v0122 ,PASS,
B332,,CWNJ_C02-2FAP-28_2_DFU,3,PASS,,,2018-03-20-20-26-20,2018-03-20-20-34-18,PASS,1.8,PASS,PASS,PASS,PASS,PASS,PASS,PASS,PASS,PASS,PASS,PASS,PASS,PASS, v0011 , v0011 , v0012 , v0427 , v0000 , v0002 , v0011 , v0122 ,PASS,
B332,,CWNJ_C02-2FAP-28_2_DFU,4,PASS,,,2018-03-20-20-26-20,2018-03-20-20-34-26,PASS,1.8,PASS,PASS,PASS,PASS,PASS,PASS,PASS,PASS,PASS,PASS,PASS,PASS,PASS, v0011 , v0011 , v0012 , v0427 , v0000 , v0002 , v0011 , v0122 ,PASS,
B332,,CWNJ_C02-2FAP-28_2_DFU,5,PASS,,,2018-03-20-20-26-20,2018-03-20-20-34-17,PASS,1.8,PASS,PASS,PASS,PASS,PASS,PASS,PASS,PASS,PASS,PASS,PASS,PASS,PASS, v0011 , v0011 , v0012 , v0427 , v0000 , v0002 , v0011 , v0122 ,PASS,
B332,,CWNJ_C02-2FAP-28_2_DFU,6,PASS,,,2018-03-20-20-26-20,2018-03-20-20-34-16,PASS,1.8,PASS,PASS,PASS,PASS,PASS,PASS,PASS,PASS,PASS,PASS,PASS,PASS,PASS, v0011 , v0011 , v0012 , v0427 , v0000 , v0002 , v0011 , v0122 ,
B332,,CWNJ_C02-2FAP-28_2_DFU,7,PASS,,,2018-03-20-20-26-20,2018-03-20-20-34-18,PASS,1.8,PASS,PASS,PASS,PASS,PASS,PASS,PASS,PASS,PASS,PASS,PASS,PASS,PASS, v0011 , v0011 , v0012 , v0427 , v0000 , v0002 , v0011 , v0122 ,PASS,
B332,,CWNJ_C02-2FAP-28_2_DFU,8,PASS,,,2018-03-20-20-26-20,2018-03-20-20-34-16,PASS,1.8,PASS,PASS,PASS,PASS,PASS,PASS,PASS,PASS,PASS,PASS,PASS,PASS,PASS, v0011 , v0011 , v0012 , v0427 , v0000 , v0002 , v0011 , v0122 ,PASS,
B332,,CWNJ_C02-2FAP-28_2_DFU,9,PASS,,,2018-03-20-20-26-20,2018-03-20-20-34-20,PASS,1.8,PASS,PASS,PASS,PASS,PASS,PASS,PASS,PASS,PASS,PASS,PASS,PASS,PASS, v0011 , v0011 , v0012 , v0427 , v0000 , v0002 , v0011 , v0122 ,PASS,
B332,,CWNJ_C02-2FAP-28_2_DFU,10,PASS,,,2018-03-20-20-26-20,2018-03-20-20-34-17,PASS,1.8,PASS,PASS,PASS,PASS,PASS,PASS,PASS,PASS,PASS,PASS,PASS,PASS,PASS, v0011 , v0011 , v0012 , v0427 , v0000 , v0002 , v0011 , v0122 ,PASS,
B332,,CWNJ_C02-2FAP-28_2_DFU,11,PASS,,,2018-03-20-20-26-20,2018-03-20-20-34-18,PASS,1.8,PASS,PASS,PASS,PASS,PASS,PASS,PASS,PASS,PASS,PASS,PASS,PASS,PASS, v0011 , v0011 , v0012 , v0427 , v0000 , v0002 , v0011 , v0122 ,PASS,
B332,,CWNJ_C02-2FAP-28_2_DFU,2,PASS,,,2018-03-20-20-35-35,2018-03-20-20-43-43,PASS,1.8,PASS,PASS,PASS,PASS,PASS,PASS,PASS,PASS,PASS,PASS,PASS,PASS,PASS, v0011 , v0011 , v0012 , v0427 , v0000 , v0002 , v0011 , v0122 ,PASS,
B332,,CWNJ_C02-2FAP-28_2_DFU,3,PASS,,,2018-03-20-20-35-35,2018-03-20-20-43-28,PASS,1.8,PASS,PASS,PASS,PASS,PASS,PASS,PASS,PASS,PASS,PASS,PASS,PASS,PASS, v0011 , v0011 , v0012 , v0427 , v0000 , v0002 , v0011 , v0122 ,PASS,
B332,,CWNJ_C02-2FAP-28_2_DFU,4,PASS,,,2018-03-20-20-35-35,2018-03-20-20-43-40,PASS,1.8,PASS,PASS,PASS,PASS,PASS,PASS,PASS,PASS,PASS,PASS,PASS,PASS,PASS, v0011 , v0011 , v0012 , v0427 , v0000 , v0002 , v0011 , v0122 ,PASS,
B332,,CWNJ_C02-2FAP-28_2_DFU,5,PASS,,,2018-03-20-20-35-35,2018-03-20-20-43-29,PASS,1.8,PASS,PASS,PASS,PASS,PASS,PASS,PASS,PASS,PASS,PASS,PASS,PASS,PASS, v0011 , v0011 , v0012 , v0427 , v0000 , v0002 , v0011 , v0122 ,PASS,
B332,,CWNJ_C02-2FAP-28_2_DFU,6,PASS,,,2018-03-20-20-35-35,2018-03-20-20-43-35,PASS,1.8,PASS,PASS,PASS,PASS,PASS,PASS,PASS,PASS,PASS,PASS,PASS,PASS,PASS, v0011 , v0011 , v0012 , v0427 , v0000 , v0002 , v0011 , v0122 ,
B332,,CWNJ_C02-2FAP-28_2_DFU,7,PASS,,,2018-03-20-20-35-35,2018-03-20-20-43-18,PASS,1.8,PASS,PASS,PASS,PASS,PASS,PASS,PASS,PASS,PASS,PASS,PASS,PASS,PASS, v0011 , v0011 , v0012 , v0427 , v0000 , v0002 , v0011 , v0122 ,PASS,
B332,,CWNJ_C02-2FAP-28_2_DFU,8,PASS,,,2018-03-20-20-35-35,2018-03-20-20-43-18,PASS,1.8,PASS,PASS,PASS,PASS,PASS,PASS,PASS,PASS,PASS,PASS,PASS,PASS,PASS, v0011 , v0011 , v0012 , v0427 , v0000 , v0002 , v0011 , v0122 ,PASS,
B332,,CWNJ_C02-2FAP-28_2_DFU,9,PASS,,,2018-03-20-20-35-35,2018-03-20-20-43-33,PASS,1.8,PASS,PASS,PASS,PASS,PASS,PASS,PASS,PASS,PASS,PASS,PASS,PASS,PASS, v0011 , v0011 , v0012 , v0427 , v0000 , v0002 , v0011 , v0122 ,PASS,
B332,,CWNJ_C02-2FAP-28_2_DFU,10,PASS,,,2018-03-20-20-35-35,2018-03-20-20-43-37,PASS,1.8,PASS,PASS,PASS,PASS,PASS,PASS,PASS,PASS,PASS,PASS,PASS,PASS,PASS, v0011 , v0011 , v0012 , v0427 , v0000 , v0002 , v0011 , v0122 ,PASS,
B332,,CWNJ_C02-2FAP-28_2_DFU,11,PASS,,,2018-03-20-20-35-35,2018-03-20-20-43-34,PASS,1.8,PASS,PASS,PASS,PASS,PASS,PASS,PASS,PASS,PASS,PASS,PASS,PASS,PASS, v0011 , v0011 , v0012 , v0427 , v0000 , v0002 , v0011 , v0122 ,PASS,
B332,,CWNJ_C02-2FAP-28_2_DFU,2,PASS,,,2018-03-20-20-44-56,2018-03-20-20-52-59,PASS,1.8,PASS,PASS,PASS,PASS,PASS,PASS,PASS,PASS,PASS,PASS,PASS,PASS,PASS, v0011 , v0011 , v0012 , v0427 , v0000 , v0002 , v0011 , v0122 ,PASS,
B332,,CWNJ_C02-2FAP-28_2_DFU,3,PASS,,,2018-03-20-20-44-56,2018-03-20-20-52-35,PASS,1.8,PASS,PASS,PASS,PASS,PASS,PASS,PASS,PASS,PASS,PASS,PASS,PASS,PASS, v0011 , v0011 , v0012 , v0427 , v0000 , v0002 , v0011 , v0122 ,PASS,
B332,,CWNJ_C02-2FAP-28_2_DFU,4,PASS,,,2018-03-20-20-44-56,2018-03-20-20-53-01,PASS,1.8,PASS,PASS,PASS,PASS,PASS,PASS,PASS,PASS,PASS,PASS,PASS,PASS,PASS, v0011 , v0011 , v0012 , v0427 , v0000 , v0002 , v0011 , v0122 ,PASS,
B332,,CWNJ_C02-2FAP-28_2_DFU,5,PASS,,,2018-03-20-20-44-56,2018-03-20-20-52-56,PASS,1.8,PASS,PASS,PASS,PASS,PASS,PASS,PASS,PASS,PASS,PASS,PASS,PASS,PASS, v0011 , v0011 , v0012 , v0427 , v0000 , v0002 , v0011 , v0122 ,PASS,
B332,,CWNJ_C02-2FAP-28_2_DFU,6,PASS,,,2018-03-20-20-44-56,2018-03-20-20-52-57,PASS,1.8,PASS,PASS,PASS,PASS,PASS,PASS,PASS,PASS,PASS,PASS,PASS,PASS,PASS, v0011 , v0011 , v0012 , v0427 , v0000 , v0002 , v0011 , v0122 ,
B332,,CWNJ_C02-2FAP-28_2_DFU,7,PASS,,,2018-03-20-20-44-56,2018-03-20-20-52-48,PASS,1.8,PASS,PASS,PASS,PASS,PASS,PASS,PASS,PASS,PASS,PASS,PASS,PASS,PASS, v0011 , v0011 , v0012 , v0427 , v0000 , v0002 , v0011 , v0122 ,PASS,
B332,,CWNJ_C02-2FAP-28_2_DFU,8,PASS,,,2018-03-20-20-44-56,2018-03-20-20-52-47,PASS,1.8,PASS,PASS,PASS,PASS,PASS,PASS,PASS,PASS,PASS,PASS,PASS,PASS,PASS, v0011 , v0011 , v0012 , v0427 , v0000 , v0002 , v0011 , v0122 ,PASS,
B332,,CWNJ_C02-2FAP-28_2_DFU,9,PASS,,,2018-03-20-20-44-56,2018-03-20-20-52-52,PASS,1.8,PASS,PASS,PASS,PASS,PASS,PASS,PASS,PASS,PASS,PASS,PASS,PASS,PASS, v0011 , v0011 , v0012 , v0427 , v0000 , v0002 , v0011 , v0122 ,PASS,
B332,,CWNJ_C02-2FAP-28_2_DFU,10,PASS,,,2018-03-20-20-44-56,2018-03-20-20-52-56,PASS,1.8,PASS,PASS,PASS,PASS,PASS,PASS,PASS,PASS,PASS,PASS,PASS,PASS,PASS, v0011 , v0011 , v0012 , v0427 , v0000 , v0002 , v0011 , v0122 ,PASS,
B332,,CWNJ_C02-2FAP-28_2_DFU,11,PASS,,,2018-03-20-20-44-56,2018-03-20-20-52-54,PASS,1.8,PASS,PASS,PASS,PASS,PASS,PASS,PASS,PASS,PASS,PASS,PASS,PASS,PASS, v0011 , v0011 , v0012 , v0427 , v0000 , v0002 , v0011 , v0122 ,PASS,
B332,,CWNJ_C02-2FAP-28_2_DFU,2,PASS,,,2018-03-20-20-54-12,2018-03-20-21-02-15,PASS,1.8,PASS,PASS,PASS,PASS,PASS,PASS,PASS,PASS,PASS,PASS,PASS,PASS,PASS, v0011 , v0011 , v0012 , v0427 , v0000 , v0002 , v0011 , v0122 ,PASS,
B332,,CWNJ_C02-2FAP-28_2_DFU,3,PASS,,,2018-03-20-20-54-12,2018-03-20-21-02-09,PASS,1.8,PASS,PASS,PASS,PASS,PASS,PASS,PASS,PASS,PASS,PASS,PASS,PASS,PASS, v0011 , v0011 , v0012 , v0427 , v0000 , v0002 , v0011 , v0122 ,PASS,
B332,,CWNJ_C02-2FAP-28_2_DFU,4,PASS,,,2018-03-20-20-54-12,2018-03-20-21-02-16,PASS,1.8,PASS,PASS,PASS,PASS,PASS,PASS,PASS,PASS,PASS,PASS,PASS,PASS,PASS, v0011 , v0011 , v0012 , v0427 , v0000 , v0002 , v0011 , v0122 ,PASS,
B332,,CWNJ_C02-2FAP-28_2_DFU,5,PASS,,,2018-03-20-20-54-12,2018-03-20-21-02-10,PASS,1.8,PASS,PASS,PASS,PASS,PASS,PASS,PASS,PASS,PASS,PASS,PASS,PASS,PASS, v0011 , v0011 , v0012 , v0427 , v0000 , v0002 , v0011 , v0122 ,PASS,
B332,,CWNJ_C02-2FAP-28_2_DFU,6,PASS,,,2018-03-20-20-54-12,2018-03-20-21-02-12,PASS,1.8,PASS,PASS,PASS,PASS,PASS,PASS,PASS,PASS,PASS,PASS,PASS,PASS,PASS, v0011 , v0011 , v0012 , v0427 , v0000 , v0002 , v0011 , v0122 ,
B332,,CWNJ_C02-2FAP-28_2_DFU,7,PASS,,,2018-03-20-20-54-12,2018-03-20-21-02-06,PASS,1.8,PASS,PASS,PASS,PASS,PASS,PASS,PASS,PASS,PASS,PASS,PASS,PASS,PASS, v0011 , v0011 , v0012 , v0427 , v0000 , v0002 , v0011 , v0122 ,PASS,
B332,,CWNJ_C02-2FAP-28_2_DFU,8,PASS,,,2018-03-20-20-54-12,2018-03-20-21-01-53,PASS,1.8,PASS,PASS,PASS,PASS,PASS,PASS,PASS,PASS,PASS,PASS,PASS,PASS,PASS, v0011 , v0011 , v0012 , v0427 , v0000 , v0002 , v0011 , v0122 ,PASS,
B332,,CWNJ_C02-2FAP-28_2_DFU,9,PASS,,,2018-03-20-20-54-12,2018-03-20-21-02-11,PASS,1.8,PASS,PASS,PASS,PASS,PASS,PASS,PASS,PASS,PASS,PASS,PASS,PASS,PASS, v0011 , v0011 , v0012 , v0427 , v0000 , v0002 , v0011 , v0122 ,PASS,
B332,,CWNJ_C02-2FAP-28_2_DFU,10,PASS,,,2018-03-20-20-54-12,2018-03-20-21-02-07,PASS,1.8,PASS,PASS,PASS,PASS,PASS,PASS,PASS,PASS,PASS,PASS,PASS,PASS,PASS, v0011 , v0011 , v0012 , v0427 , v0000 , v0002 , v0011 , v0122 ,PASS,
B332,,CWNJ_C02-2FAP-28_2_DFU,11,PASS,,,2018-03-20-20-54-12,2018-03-20-21-02-09,PASS,1.8,PASS,PASS,PASS,PASS,PASS,PASS,PASS,PASS,PASS,PASS,PASS,PASS,PASS, v0011 , v0011 , v0012 , v0427 , v0000 , v0002 , v0011 , v0122 ,PASS,
B332,,CWNJ_C02-2FAP-28_2_DFU,2,PASS,,,2018-03-20-21-03-28,2018-03-20-21-11-38,PASS,1.8,PASS,PASS,PASS,PASS,PASS,PASS,PASS,PASS,PASS,PASS,PASS,PASS,PASS, v0011 , v0011 , v0012 , v0427 , v0000 , v0002 , v0011 , v0122 ,PASS,
B332,,CWNJ_C02-2FAP-28_2_DFU,3,PASS,,,2018-03-20-21-03-28,2018-03-20-21-11-28,PASS,1.8,PASS,PASS,PASS,PASS,PASS,PASS,PASS,PASS,PASS,PASS,PASS,PASS,PASS, v0011 , v0011 , v0012 , v0427 , v0000 , v0002 , v0011 , v0122 ,PASS,
B332,,CWNJ_C02-2FAP-28_2_DFU,4,PASS,,,2018-03-20-21-03-28,2018-03-20-21-11-31,PASS,1.8,PASS,PASS,PASS,PASS,PASS,PASS,PASS,PASS,PASS,PASS,PASS,PASS,PASS, v0011 , v0011 , v0012 , v0427 , v0000 , v0002 , v0011 , v0122 ,PASS,
B332,,CWNJ_C02-2FAP-28_2_DFU,5,PASS,,,2018-03-20-21-03-28,2018-03-20-21-11-27,PASS,1.8,PASS,PASS,PASS,PASS,PASS,PASS,PASS,PASS,PASS,PASS,PASS,PASS,PASS, v0011 , v0011 , v0012 , v0427 , v0000 , v0002 , v0011 , v0122 ,PASS,
B332,,CWNJ_C02-2FAP-28_2_DFU,6,PASS,,,2018-03-20-21-03-28,2018-03-20-21-11-28,PASS,1.8,PASS,PASS,PASS,PASS,PASS,PASS,PASS,PASS,PASS,PASS,PASS,PASS,PASS, v0011 , v0011 , v0012 , v0427 , v0000 , v0002 , v0011 , v0122 ,
B332,,CWNJ_C02-2FAP-28_2_DFU,7,PASS,,,2018-03-20-21-03-28,2018-03-20-21-11-04,PASS,1.8,PASS,PASS,PASS,PASS,PASS,PASS,PASS,PASS,PASS,PASS,PASS,PASS,PASS, v0011 , v0011 , v0012 , v0427 , v0000 , v0002 , v0011 , v0122 ,PASS,
B332,,CWNJ_C02-2FAP-28_2_DFU,8,PASS,,,2018-03-20-21-03-28,2018-03-20-21-11-16,PASS,1.8,PASS,PASS,PASS,PASS,PASS,PASS,PASS,PASS,PASS,PASS,PASS,PASS,PASS, v0011 , v0011 , v0012 , v0427 , v0000 , v0002 , v0011 , v0122 ,PASS,
B332,,CWNJ_C02-2FAP-28_2_DFU,9,PASS,,,2018-03-20-21-03-28,2018-03-20-21-11-25,PASS,1.8,PASS,PASS,PASS,PASS,PASS,PASS,PASS,PASS,PASS,PASS,PASS,PASS,PASS, v0011 , v0011 , v0012 , v0427 , v0000 , v0002 , v0011 , v0122 ,PASS,
B332,,CWNJ_C02-2FAP-28_2_DFU,10,PASS,,,2018-03-20-21-03-28,2018-03-20-21-11-25,PASS,1.8,PASS,PASS,PASS,PASS,PASS,PASS,PASS,PASS,PASS,PASS,PASS,PASS,PASS, v0011 , v0011 , v0012 , v0427 , v0000 , v0002 , v0011 , v0122 ,PASS,
B332,,CWNJ_C02-2FAP-28_2_DFU,11,PASS,,,2018-03-20-21-03-28,2018-03-20-21-11-29,PASS,1.8,PASS,PASS,PASS,PASS,PASS,PASS,PASS,PASS,PASS,PASS,PASS,PASS,PASS, v0011 , v0011 , v0012 , v0427 , v0000 , v0002 , v0011 , v0122 ,PASS,
B332,,CWNJ_C02-2FAP-28_2_DFU,2,PASS,,,2018-03-20-21-12-51,2018-03-20-21-21-09,PASS,1.8,PASS,PASS,PASS,PASS,PASS,PASS,PASS,PASS,PASS,PASS,PASS,PASS,PASS, v0011 , v0011 , v0012 , v0427 , v0000 , v0002 , v0011 , v0122 ,PASS,
B332,,CWNJ_C02-2FAP-28_2_DFU,3,PASS,,,2018-03-20-21-12-51,2018-03-20-21-20-45,PASS,1.8,PASS,PASS,PASS,PASS,PASS,PASS,PASS,PASS,PASS,PASS,PASS,PASS,PASS, v0011 , v0011 , v0012 , v0427 , v0000 , v0002 , v0011 , v0122 ,PASS,
B332,,CWNJ_C02-2FAP-28_2_DFU,4,PASS,,,2018-03-20-21-12-51,2018-03-20-21-20-54,PASS,1.8,PASS,PASS,PASS,PASS,PASS,PASS,PASS,PASS,PASS,PASS,PASS,PASS,PASS, v0011 , v0011 , v0012 , v0427 , v0000 , v0002 , v0011 , v0122 ,PASS,
B332,,CWNJ_C02-2FAP-28_2_DFU,5,PASS,,,2018-03-20-21-12-51,2018-03-20-21-20-50,PASS,1.8,PASS,PASS,PASS,PASS,PASS,PASS,PASS,PASS,PASS,PASS,PASS,PASS,PASS, v0011 , v0011 , v0012 , v0427 , v0000 , v0002 , v0011 , v0122 ,PASS,
B332,,CWNJ_C02-2FAP-28_2_DFU,6,PASS,,,2018-03-20-21-12-51,2018-03-20-21-20-47,PASS,1.8,PASS,PASS,PASS,PASS,PASS,PASS,PASS,PASS,PASS,PASS,PASS,PASS,PASS, v0011 , v0011 , v0012 , v0427 , v0000 , v0002 , v0011 , v0122 ,
B332,,CWNJ_C02-2FAP-28_2_DFU,7,PASS,,,2018-03-20-21-12-51,2018-03-20-21-20-49,PASS,1.8,PASS,PASS,PASS,PASS,PASS,PASS,PASS,PASS,PASS,PASS,PASS,PASS,PASS, v0011 , v0011 , v0012 , v0427 , v0000 , v0002 , v0011 , v0122 ,PASS,
B332,,CWNJ_C02-2FAP-28_2_DFU,8,PASS,,,2018-03-20-21-12-51,2018-03-20-21-20-43,PASS,1.8,PASS,PASS,PASS,PASS,PASS,PASS,PASS,PASS,PASS,PASS,PASS,PASS,PASS, v0011 , v0011 , v0012 , v0427 , v0000 , v0002 , v0011 , v0122 ,PASS,
B332,,CWNJ_C02-2FAP-28_2_DFU,9,PASS,,,2018-03-20-21-12-51,2018-03-20-21-20-50,PASS,1.8,PASS,PASS,PASS,PASS,PASS,PASS,PASS,PASS,PASS,PASS,PASS,PASS,PASS, v0011 , v0011 , v0012 , v0427 , v0000 , v0002 , v0011 , v0122 ,PASS,
B332,,CWNJ_C02-2FAP-28_2_DFU,10,PASS,,,2018-03-20-21-12-51,2018-03-20-21-20-51,PASS,1.8,PASS,PASS,PASS,PASS,PASS,PASS,PASS,PASS,PASS,PASS,PASS,PASS,PASS, v0011 , v0011 , v0012 , v0427 , v0000 , v0002 , v0011 , v0122 ,PASS,
B332,,CWNJ_C02-2FAP-28_2_DFU,11,PASS,,,2018-03-20-21-12-51,2018-03-20-21-20-45,PASS,1.8,PASS,PASS,PASS,PASS,PASS,PASS,PASS,PASS,PASS,PASS,PASS,PASS,PASS, v0011 , v0011 , v0012 , v0427 , v0000 , v0002 , v0011 , v0122 ,PASS,
B332,,CWNJ_C02-2FAP-28_2_DFU,2,PASS,,,2018-03-20-21-22-22,2018-03-20-21-30-16,PASS,1.8,PASS,PASS,PASS,PASS,PASS,PASS,PASS,PASS,PASS,PASS,PASS,PASS,PASS, v0011 , v0011 , v0012 , v0427 , v0000 , v0002 , v0011 , v0122 ,PASS,
B332,,CWNJ_C02-2FAP-28_2_DFU,3,PASS,,,2018-03-20-21-22-22,2018-03-20-21-30-23,PASS,1.8,PASS,PASS,PASS,PASS,PASS,PASS,PASS,PASS,PASS,PASS,PASS,PASS,PASS, v0011 , v0011 , v0012 , v0427 , v0000 , v0002 , v0011 , v0122 ,PASS,
B332,,CWNJ_C02-2FAP-28_2_DFU,4,PASS,,,2018-03-20-21-22-22,2018-03-20-21-30-27,PASS,1.8,PASS,PASS,PASS,PASS,PASS,PASS,PASS,PASS,PASS,PASS,PASS,PASS,PASS, v0011 , v0011 , v0012 , v0427 , v0000 , v0002 , v0011 , v0122 ,PASS,
B332,,CWNJ_C02-2FAP-28_2_DFU,5,PASS,,,2018-03-20-21-22-22,2018-03-20-21-30-07,PASS,1.8,PASS,PASS,PASS,PASS,PASS,PASS,PASS,PASS,PASS,PASS,PASS,PASS,PASS, v0011 , v0011 , v0012 , v0427 , v0000 , v0002 , v0011 , v0122 ,PASS,
B332,,CWNJ_C02-2FAP-28_2_DFU,6,PASS,,,2018-03-20-21-22-22,2018-03-20-21-30-20,PASS,1.8,PASS,PASS,PASS,PASS,PASS,PASS,PASS,PASS,PASS,PASS,PASS,PASS,PASS, v0011 , v0011 , v0012 , v0427 , v0000 , v0002 , v0011 , v0122 ,
B332,,CWNJ_C02-2FAP-28_2_DFU,7,PASS,,,2018-03-20-21-22-22,2018-03-20-21-30-10,PASS,1.8,PASS,PASS,PASS,PASS,PASS,PASS,PASS,PASS,PASS,PASS,PASS,PASS,PASS, v0011 , v0011 , v0012 , v0427 , v0000 , v0002 , v0011 , v0122 ,PASS,
B332,,CWNJ_C02-2FAP-28_2_DFU,8,PASS,,,2018-03-20-21-22-22,2018-03-20-21-30-19,PASS,1.8,PASS,PASS,PASS,PASS,PASS,PASS,PASS,PASS,PASS,PASS,PASS,PASS,PASS, v0011 , v0011 , v0012 , v0427 , v0000 , v0002 , v0011 , v0122 ,PASS,
B332,,CWNJ_C02-2FAP-28_2_DFU,9,PASS,,,2018-03-20-21-22-22,2018-03-20-21-30-23,PASS,1.8,PASS,PASS,PASS,PASS,PASS,PASS,PASS,PASS,PASS,PASS,PASS,PASS,PASS, v0011 , v0011 , v0012 , v0427 , v0000 , v0002 , v0011 , v0122 ,PASS,
B332,,CWNJ_C02-2FAP-28_2_DFU,10,PASS,,,2018-03-20-21-22-22,2018-03-20-21-30-21,PASS,1.8,PASS,PASS,PASS,PASS,PASS,PASS,PASS,PASS,PASS,PASS,PASS,PASS,PASS, v0011 , v0011 , v0012 , v0427 , v0000 , v0002 , v0011 , v0122 ,PASS,
B332,,CWNJ_C02-2FAP-28_2_DFU,11,PASS,,,2018-03-20-21-22-22,2018-03-20-21-30-26,PASS,1.8,PASS,PASS,PASS,PASS,PASS,PASS,PASS,PASS,PASS,PASS,PASS,PASS,PASS, v0011 , v0011 , v0012 , v0427 , v0000 , v0002 , v0011 , v0122 ,PASS,
B332,,CWNJ_C02-2FAP-28_2_DFU,2,PASS,,,2018-03-20-21-31-36,2018-03-20-21-39-38,PASS,1.8,PASS,PASS,PASS,PASS,PASS,PASS,PASS,PASS,PASS,PASS,PASS,PASS,PASS, v0011 , v0011 , v0012 , v0427 , v0000 , v0002 , v0011 , v0122 ,PASS,
B332,,CWNJ_C02-2FAP-28_2_DFU,3,PASS,,,2018-03-20-21-31-36,2018-03-20-21-39-31,PASS,1.8,PASS,PASS,PASS,PASS,PASS,PASS,PASS,PASS,PASS,PASS,PASS,PASS,PASS, v0011 , v0011 , v0012 , v0427 , v0000 , v0002 , v0011 , v0122 ,PASS,
B332,,CWNJ_C02-2FAP-28_2_DFU,4,PASS,,,2018-03-20-21-31-36,2018-03-20-21-39-40,PASS,1.8,PASS,PASS,PASS,PASS,PASS,PASS,PASS,PASS,PASS,PASS,PASS,PASS,PASS, v0011 , v0011 , v0012 , v0427 , v0000 , v0002 , v0011 , v0122 ,PASS,
B332,,CWNJ_C02-2FAP-28_2_DFU,5,PASS,,,2018-03-20-21-31-36,2018-03-20-21-39-37,PASS,1.8,PASS,PASS,PASS,PASS,PASS,PASS,PASS,PASS,PASS,PASS,PASS,PASS,PASS, v0011 , v0011 , v0012 , v0427 , v0000 , v0002 , v0011 , v0122 ,PASS,
B332,,CWNJ_C02-2FAP-28_2_DFU,6,PASS,,,2018-03-20-21-31-36,2018-03-20-21-39-36,PASS,1.8,PASS,PASS,PASS,PASS,PASS,PASS,PASS,PASS,PASS,PASS,PASS,PASS,PASS, v0011 , v0011 , v0012 , v0427 , v0000 , v0002 , v0011 , v0122 ,
B332,,CWNJ_C02-2FAP-28_2_DFU,7,PASS,,,2018-03-20-21-31-36,2018-03-20-21-39-15,PASS,1.8,PASS,PASS,PASS,PASS,PASS,PASS,PASS,PASS,PASS,PASS,PASS,PASS,PASS, v0011 , v0011 , v0012 , v0427 , v0000 , v0002 , v0011 , v0122 ,PASS,
B332,,CWNJ_C02-2FAP-28_2_DFU,8,PASS,,,2018-03-20-21-31-36,2018-03-20-21-39-34,PASS,1.8,PASS,PASS,PASS,PASS,PASS,PASS,PASS,PASS,PASS,PASS,PASS,PASS,PASS, v0011 , v0011 , v0012 , v0427 , v0000 , v0002 , v0011 , v0122 ,PASS,
B332,,CWNJ_C02-2FAP-28_2_DFU,9,PASS,,,2018-03-20-21-31-36,2018-03-20-21-39-32,PASS,1.8,PASS,PASS,PASS,PASS,PASS,PASS,PASS,PASS,PASS,PASS,PASS,PASS,PASS, v0011 , v0011 , v0012 , v0427 , v0000 , v0002 , v0011 , v0122 ,PASS,
B332,,CWNJ_C02-2FAP-28_2_DFU,10,PASS,,,2018-03-20-21-31-36,2018-03-20-21-39-35,PASS,1.8,PASS,PASS,PASS,PASS,PASS,PASS,PASS,PASS,PASS,PASS,PASS,PASS,PASS, v0011 , v0011 , v0012 , v0427 , v0000 , v0002 , v0011 , v0122 ,PASS,
B332,,CWNJ_C02-2FAP-28_2_DFU,11,PASS,,,2018-03-20-21-31-36,2018-03-20-21-39-36,PASS,1.8,PASS,PASS,PASS,PASS,PASS,PASS,PASS,PASS,PASS,PASS,PASS,PASS,PASS, v0011 , v0011 , v0012 , v0427 , v0000 , v0002 , v0011 , v0122 ,PASS,
B332,,CWNJ_C02-2FAP-28_2_DFU,2,PASS,,,2018-03-20-21-40-51,2018-03-20-21-49-04,PASS,1.8,PASS,PASS,PASS,PASS,PASS,PASS,PASS,PASS,PASS,PASS,PASS,PASS,PASS, v0011 , v0011 , v0012 , v0427 , v0000 , v0002 , v0011 , v0122 ,PASS,
B332,,CWNJ_C02-2FAP-28_2_DFU,3,PASS,,,2018-03-20-21-40-51,2018-03-20-21-48-34,PASS,1.8,PASS,PASS,PASS,PASS,PASS,PASS,PASS,PASS,PASS,PASS,PASS,PASS,PASS, v0011 , v0011 , v0012 , v0427 , v0000 , v0002 , v0011 , v0122 ,PASS,
B332,,CWNJ_C02-2FAP-28_2_DFU,4,PASS,,,2018-03-20-21-40-51,2018-03-20-21-48-52,PASS,1.8,PASS,PASS,PASS,PASS,PASS,PASS,PASS,PASS,PASS,PASS,PASS,PASS,PASS, v0011 , v0011 , v0012 , v0427 , v0000 , v0002 , v0011 , v0122 ,PASS,
B332,,CWNJ_C02-2FAP-28_2_DFU,5,PASS,,,2018-03-20-21-40-51,2018-03-20-21-48-46,PASS,1.8,PASS,PASS,PASS,PASS,PASS,PASS,PASS,PASS,PASS,PASS,PASS,PASS,PASS, v0011 , v0011 , v0012 , v0427 , v0000 , v0002 , v0011 , v0122 ,PASS,
B332,,CWNJ_C02-2FAP-28_2_DFU,6,PASS,,,2018-03-20-21-40-51,2018-03-20-21-48-49,PASS,1.8,PASS,PASS,PASS,PASS,PASS,PASS,PASS,PASS,PASS,PASS,PASS,PASS,PASS, v0011 , v0011 , v0012 , v0427 , v0000 , v0002 , v0011 , v0122 ,
B332,,CWNJ_C02-2FAP-28_2_DFU,7,PASS,,,2018-03-20-21-40-51,2018-03-20-21-48-36,PASS,1.8,PASS,PASS,PASS,PASS,PASS,PASS,PASS,PASS,PASS,PASS,PASS,PASS,PASS, v0011 , v0011 , v0012 , v0427 , v0000 , v0002 , v0011 , v0122 ,PASS,
B332,,CWNJ_C02-2FAP-28_2_DFU,8,PASS,,,2018-03-20-21-40-51,2018-03-20-21-48-44,PASS,1.8,PASS,PASS,PASS,PASS,PASS,PASS,PASS,PASS,PASS,PASS,PASS,PASS,PASS, v0011 , v0011 , v0012 , v0427 , v0000 , v0002 , v0011 , v0122 ,PASS,
B332,,CWNJ_C02-2FAP-28_2_DFU,9,FAIL,,programmer CH9-BLE#,2018-03-20-21-40-51,2018-03-20-21-48-19,PASS,1.8,PASS,PASS,PASS,PASS,PASS,PASS,PASS,PASS,PASS,PASS,PASS,PASS,FAIL, v0011 , v0011 , v0012 , v0427 , v0000 , v0002 , v0011 , v0122 ,PASS,
B332,,CWNJ_C02-2FAP-28_2_DFU,10,PASS,,,2018-03-20-21-40-51,2018-03-20-21-48-47,PASS,1.8,PASS,PASS,PASS,PASS,PASS,PASS,PASS,PASS,PASS,PASS,PASS,PASS,PASS, v0011 , v0011 , v0012 , v0427 , v0000 , v0002 , v0011 , v0122 ,PASS,
B332,,CWNJ_C02-2FAP-28_2_DFU,11,PASS,,,2018-03-20-21-40-51,2018-03-20-21-48-49,PASS,1.8,PASS,PASS,PASS,PASS,PASS,PASS,PASS,PASS,PASS,PASS,PASS,PASS,PASS, v0011 , v0011 , v0012 , v0427 , v0000 , v0002 , v0011 , v0122 ,PASS,
B332,,CWNJ_C02-2FAP-28_2_DFU,2,PASS,,,2018-03-20-21-50-17,2018-03-20-21-58-25,PASS,1.8,PASS,PASS,PASS,PASS,PASS,PASS,PASS,PASS,PASS,PASS,PASS,PASS,PASS, v0011 , v0011 , v0012 , v0427 , v0000 , v0002 , v0011 , v0122 ,PASS,
B332,,CWNJ_C02-2FAP-28_2_DFU,3,PASS,,,2018-03-20-21-50-17,2018-03-20-21-58-15,PASS,1.8,PASS,PASS,PASS,PASS,PASS,PASS,PASS,PASS,PASS,PASS,PASS,PASS,PASS, v0011 , v0011 , v0012 , v0427 , v0000 , v0002 , v0011 , v0122 ,PASS,
B332,,CWNJ_C02-2FAP-28_2_DFU,4,PASS,,,2018-03-20-21-50-17,2018-03-20-21-58-20,PASS,1.8,PASS,PASS,PASS,PASS,PASS,PASS,PASS,PASS,PASS,PASS,PASS,PASS,PASS, v0011 , v0011 , v0012 , v0427 , v0000 , v0002 , v0011 , v0122 ,PASS,
B332,,CWNJ_C02-2FAP-28_2_DFU,5,PASS,,,2018-03-20-21-50-17,2018-03-20-21-58-10,PASS,1.8,PASS,PASS,PASS,PASS,PASS,PASS,PASS,PASS,PASS,PASS,PASS,PASS,PASS, v0011 , v0011 , v0012 , v0427 , v0000 , v0002 , v0011 , v0122 ,PASS,
B332,,CWNJ_C02-2FAP-28_2_DFU,6,PASS,,,2018-03-20-21-50-17,2018-03-20-21-58-15,PASS,1.8,PASS,PASS,PASS,PASS,PASS,PASS,PASS,PASS,PASS,PASS,PASS,PASS,PASS, v0011 , v0011 , v0012 , v0427 , v0000 , v0002 , v0011 , v0122 ,
B332,,CWNJ_C02-2FAP-28_2_DFU,7,PASS,,,2018-03-20-21-50-17,2018-03-20-21-58-12,PASS,1.8,PASS,PASS,PASS,PASS,PASS,PASS,PASS,PASS,PASS,PASS,PASS,PASS,PASS, v0011 , v0011 , v0012 , v0427 , v0000 , v0002 , v0011 , v0122 ,PASS,
B332,,CWNJ_C02-2FAP-28_2_DFU,8,PASS,,,2018-03-20-21-50-17,2018-03-20-21-58-04,PASS,1.8,PASS,PASS,PASS,PASS,PASS,PASS,PASS,PASS,PASS,PASS,PASS,PASS,PASS, v0011 , v0011 , v0012 , v0427 , v0000 , v0002 , v0011 , v0122 ,PASS,
B332,,CWNJ_C02-2FAP-28_2_DFU,9,PASS,,,2018-03-20-21-50-17,2018-03-20-21-58-17,PASS,1.8,PASS,PASS,PASS,PASS,PASS,PASS,PASS,PASS,PASS,PASS,PASS,PASS,PASS, v0011 , v0011 , v0012 , v0427 , v0000 , v0002 , v0011 , v0122 ,PASS,
B332,,CWNJ_C02-2FAP-28_2_DFU,10,PASS,,,2018-03-20-21-50-17,2018-03-20-21-58-15,PASS,1.8,PASS,PASS,PASS,PASS,PASS,PASS,PASS,PASS,PASS,PASS,PASS,PASS,PASS, v0011 , v0011 , v0012 , v0427 , v0000 , v0002 , v0011 , v0122 ,PASS,
B332,,CWNJ_C02-2FAP-28_2_DFU,11,PASS,,,2018-03-20-21-50-17,2018-03-20-21-58-18,PASS,1.8,PASS,PASS,PASS,PASS,PASS,PASS,PASS,PASS,PASS,PASS,PASS,PASS,PASS, v0011 , v0011 , v0012 , v0427 , v0000 , v0002 , v0011 , v0122 ,PASS,
B332,,CWNJ_C02-2FAP-28_2_DFU,2,PASS,,,2018-03-20-21-59-38,2018-03-20-22-07-49,PASS,1.8,PASS,PASS,PASS,PASS,PASS,PASS,PASS,PASS,PASS,PASS,PASS,PASS,PASS, v0011 , v0011 , v0012 , v0427 , v0000 , v0002 , v0011 , v0122 ,PASS,
B332,,CWNJ_C02-2FAP-28_2_DFU,3,PASS,,,2018-03-20-21-59-38,2018-03-20-22-07-23,PASS,1.8,PASS,PASS,PASS,PASS,PASS,PASS,PASS,PASS,PASS,PASS,PASS,PASS,PASS, v0011 , v0011 , v0012 , v0427 , v0000 , v0002 , v0011 , v0122 ,PASS,
B332,,CWNJ_C02-2FAP-28_2_DFU,4,PASS,,,2018-03-20-21-59-38,2018-03-20-22-07-43,PASS,1.8,PASS,PASS,PASS,PASS,PASS,PASS,PASS,PASS,PASS,PASS,PASS,PASS,PASS, v0011 , v0011 , v0012 , v0427 , v0000 , v0002 , v0011 , v0122 ,PASS,
B332,,CWNJ_C02-2FAP-28_2_DFU,5,PASS,,,2018-03-20-21-59-38,2018-03-20-22-07-39,PASS,1.8,PASS,PASS,PASS,PASS,PASS,PASS,PASS,PASS,PASS,PASS,PASS,PASS,PASS, v0011 , v0011 , v0012 , v0427 , v0000 , v0002 , v0011 , v0122 ,PASS,
B332,,CWNJ_C02-2FAP-28_2_DFU,6,PASS,,,2018-03-20-21-59-38,2018-03-20-22-07-31,PASS,1.8,PASS,PASS,PASS,PASS,PASS,PASS,PASS,PASS,PASS,PASS,PASS,PASS,PASS, v0011 , v0011 , v0012 , v0427 , v0000 , v0002 , v0011 , v0122 ,
B332,,CWNJ_C02-2FAP-28_2_DFU,7,PASS,,,2018-03-20-21-59-38,2018-03-20-22-07-25,PASS,1.8,PASS,PASS,PASS,PASS,PASS,PASS,PASS,PASS,PASS,PASS,PASS,PASS,PASS, v0011 , v0011 , v0012 , v0427 , v0000 , v0002 , v0011 , v0122 ,PASS,
B332,,CWNJ_C02-2FAP-28_2_DFU,8,PASS,,,2018-03-20-21-59-38,2018-03-20-22-07-28,PASS,1.8,PASS,PASS,PASS,PASS,PASS,PASS,PASS,PASS,PASS,PASS,PASS,PASS,PASS, v0011 , v0011 , v0012 , v0427 , v0000 , v0002 , v0011 , v0122 ,PASS,
B332,,CWNJ_C02-2FAP-28_2_DFU,9,PASS,,,2018-03-20-21-59-38,2018-03-20-22-07-34,PASS,1.8,PASS,PASS,PASS,PASS,PASS,PASS,PASS,PASS,PASS,PASS,PASS,PASS,PASS, v0011 , v0011 , v0012 , v0427 , v0000 , v0002 , v0011 , v0122 ,PASS,
B332,,CWNJ_C02-2FAP-28_2_DFU,10,PASS,,,2018-03-20-21-59-38,2018-03-20-22-07-39,PASS,1.8,PASS,PASS,PASS,PASS,PASS,PASS,PASS,PASS,PASS,PASS,PASS,PASS,PASS, v0011 , v0011 , v0012 , v0427 , v0000 , v0002 , v0011 , v0122 ,PASS,
B332,,CWNJ_C02-2FAP-28_2_DFU,11,PASS,,,2018-03-20-21-59-38,2018-03-20-22-07-38,PASS,1.8,PASS,PASS,PASS,PASS,PASS,PASS,PASS,PASS,PASS,PASS,PASS,PASS,PASS, v0011 , v0011 , v0012 , v0427 , v0000 , v0002 , v0011 , v0122 ,PASS,
B332,,CWNJ_C02-2FAP-28_2_DFU,2,PASS,,,2018-03-20-22-09-02,2018-03-20-22-17-08,PASS,1.8,PASS,PASS,PASS,PASS,PASS,PASS,PASS,PASS,PASS,PASS,PASS,PASS,PASS, v0011 , v0011 , v0012 , v0427 , v0000 , v0002 , v0011 , v0122 ,PASS,
B332,,CWNJ_C02-2FAP-28_2_DFU,3,PASS,,,2018-03-20-22-09-02,2018-03-20-22-16-59,PASS,1.8,PASS,PASS,PASS,PASS,PASS,PASS,PASS,PASS,PASS,PASS,PASS,PASS,PASS, v0011 , v0011 , v0012 , v0427 , v0000 , v0002 , v0011 , v0122 ,PASS,
B332,,CWNJ_C02-2FAP-28_2_DFU,4,PASS,,,2018-03-20-22-09-02,2018-03-20-22-17-07,PASS,1.8,PASS,PASS,PASS,PASS,PASS,PASS,PASS,PASS,PASS,PASS,PASS,PASS,PASS, v0011 , v0011 , v0012 , v0427 , v0000 , v0002 , v0011 , v0122 ,PASS,
B332,,CWNJ_C02-2FAP-28_2_DFU,5,PASS,,,2018-03-20-22-09-02,2018-03-20-22-17-01,PASS,1.8,PASS,PASS,PASS,PASS,PASS,PASS,PASS,PASS,PASS,PASS,PASS,PASS,PASS, v0011 , v0011 , v0012 , v0427 , v0000 , v0002 , v0011 , v0122 ,PASS,
B332,,CWNJ_C02-2FAP-28_2_DFU,6,PASS,,,2018-03-20-22-09-02,2018-03-20-22-17-00,PASS,1.8,PASS,PASS,PASS,PASS,PASS,PASS,PASS,PASS,PASS,PASS,PASS,PASS,PASS, v0011 , v0011 , v0012 , v0427 , v0000 , v0002 , v0011 , v0122 ,
B332,,CWNJ_C02-2FAP-28_2_DFU,7,PASS,,,2018-03-20-22-09-02,2018-03-20-22-16-39,PASS,1.8,PASS,PASS,PASS,PASS,PASS,PASS,PASS,PASS,PASS,PASS,PASS,PASS,PASS, v0011 , v0011 , v0012 , v0427 , v0000 , v0002 , v0011 , v0122 ,PASS,
B332,,CWNJ_C02-2FAP-28_2_DFU,8,PASS,,,2018-03-20-22-09-02,2018-03-20-22-16-53,PASS,1.8,PASS,PASS,PASS,PASS,PASS,PASS,PASS,PASS,PASS,PASS,PASS,PASS,PASS, v0011 , v0011 , v0012 , v0427 , v0000 , v0002 , v0011 , v0122 ,PASS,
B332,,CWNJ_C02-2FAP-28_2_DFU,9,PASS,,,2018-03-20-22-09-02,2018-03-20-22-17-02,PASS,1.8,PASS,PASS,PASS,PASS,PASS,PASS,PASS,PASS,PASS,PASS,PASS,PASS,PASS, v0011 , v0011 , v0012 , v0427 , v0000 , v0002 , v0011 , v0122 ,PASS,
B332,,CWNJ_C02-2FAP-28_2_DFU,10,PASS,,,2018-03-20-22-09-02,2018-03-20-22-16-58,PASS,1.8,PASS,PASS,PASS,PASS,PASS,PASS,PASS,PASS,PASS,PASS,PASS,PASS,PASS, v0011 , v0011 , v0012 , v0427 , v0000 , v0002 , v0011 , v0122 ,PASS,
B332,,CWNJ_C02-2FAP-28_2_DFU,11,PASS,,,2018-03-20-22-09-02,2018-03-20-22-16-58,PASS,1.8,PASS,PASS,PASS,PASS,PASS,PASS,PASS,PASS,PASS,PASS,PASS,PASS,PASS, v0011 , v0011 , v0012 , v0427 , v0000 , v0002 , v0011 , v0122 ,PASS,
B332,,CWNJ_C02-2FAP-28_2_DFU,2,PASS,,,2018-03-20-22-18-21,2018-03-20-22-26-33,PASS,1.8,PASS,PASS,PASS,PASS,PASS,PASS,PASS,PASS,PASS,PASS,PASS,PASS,PASS, v0011 , v0011 , v0012 , v0427 , v0000 , v0002 , v0011 , v0122 ,PASS,
B332,,CWNJ_C02-2FAP-28_2_DFU,3,PASS,,,2018-03-20-22-18-21,2018-03-20-22-26-20,PASS,1.8,PASS,PASS,PASS,PASS,PASS,PASS,PASS,PASS,PASS,PASS,PASS,PASS,PASS, v0011 , v0011 , v0012 , v0427 , v0000 , v0002 , v0011 , v0122 ,PASS,
B332,,CWNJ_C02-2FAP-28_2_DFU,4,PASS,,,2018-03-20-22-18-21,2018-03-20-22-26-25,PASS,1.8,PASS,PASS,PASS,PASS,PASS,PASS,PASS,PASS,PASS,PASS,PASS,PASS,PASS, v0011 , v0011 , v0012 , v0427 , v0000 , v0002 , v0011 , v0122 ,PASS,
B332,,CWNJ_C02-2FAP-28_2_DFU,5,PASS,,,2018-03-20-22-18-21,2018-03-20-22-26-22,PASS,1.8,PASS,PASS,PASS,PASS,PASS,PASS,PASS,PASS,PASS,PASS,PASS,PASS,PASS, v0011 , v0011 , v0012 , v0427 , v0000 , v0002 , v0011 , v0122 ,PASS,
B332,,CWNJ_C02-2FAP-28_2_DFU,6,PASS,,,2018-03-20-22-18-21,2018-03-20-22-26-21,PASS,1.8,PASS,PASS,PASS,PASS,PASS,PASS,PASS,PASS,PASS,PASS,PASS,PASS,PASS, v0011 , v0011 , v0012 , v0427 , v0000 , v0002 , v0011 , v0122 ,
B332,,CWNJ_C02-2FAP-28_2_DFU,7,PASS,,,2018-03-20-22-18-21,2018-03-20-22-26-10,PASS,1.8,PASS,PASS,PASS,PASS,PASS,PASS,PASS,PASS,PASS,PASS,PASS,PASS,PASS, v0011 , v0011 , v0012 , v0427 , v0000 , v0002 , v0011 , v0122 ,PASS,
B332,,CWNJ_C02-2FAP-28_2_DFU,8,PASS,,,2018-03-20-22-18-21,2018-03-20-22-26-19,PASS,1.8,PASS,PASS,PASS,PASS,PASS,PASS,PASS,PASS,PASS,PASS,PASS,PASS,PASS, v0011 , v0011 , v0012 , v0427 , v0000 , v0002 , v0011 , v0122 ,PASS,
B332,,CWNJ_C02-2FAP-28_2_DFU,9,PASS,,,2018-03-20-22-18-21,2018-03-20-22-26-08,PASS,1.8,PASS,PASS,PASS,PASS,PASS,PASS,PASS,PASS,PASS,PASS,PASS,PASS,PASS, v0011 , v0011 , v0012 , v0427 , v0000 , v0002 , v0011 , v0122 ,PASS,
B332,,CWNJ_C02-2FAP-28_2_DFU,10,PASS,,,2018-03-20-22-18-21,2018-03-20-22-26-21,PASS,1.8,PASS,PASS,PASS,PASS,PASS,PASS,PASS,PASS,PASS,PASS,PASS,PASS,PASS, v0011 , v0011 , v0012 , v0427 , v0000 , v0002 , v0011 , v0122 ,PASS,
B332,,CWNJ_C02-2FAP-28_2_DFU,11,PASS,,,2018-03-20-22-18-21,2018-03-20-22-26-21,PASS,1.8,PASS,PASS,PASS,PASS,PASS,PASS,PASS,PASS,PASS,PASS,PASS,PASS,PASS, v0011 , v0011 , v0012 , v0427 , v0000 , v0002 , v0011 , v0122 ,PASS,
B332,,CWNJ_C02-2FAP-28_2_DFU,2,PASS,,,2018-03-20-22-27-46,2018-03-20-22-35-44,PASS,1.8,PASS,PASS,PASS,PASS,PASS,PASS,PASS,PASS,PASS,PASS,PASS,PASS,PASS, v0011 , v0011 , v0012 , v0427 , v0000 , v0002 , v0011 , v0122 ,PASS,
B332,,CWNJ_C02-2FAP-28_2_DFU,3,PASS,,,2018-03-20-22-27-46,2018-03-20-22-35-36,PASS,1.8,PASS,PASS,PASS,PASS,PASS,PASS,PASS,PASS,PASS,PASS,PASS,PASS,PASS, v0011 , v0011 , v0012 , v0427 , v0000 , v0002 , v0011 , v0122 ,PASS,
B332,,CWNJ_C02-2FAP-28_2_DFU,4,PASS,,,2018-03-20-22-27-46,2018-03-20-22-35-50,PASS,1.8,PASS,PASS,PASS,PASS,PASS,PASS,PASS,PASS,PASS,PASS,PASS,PASS,PASS, v0011 , v0011 , v0012 , v0427 , v0000 , v0002 , v0011 , v0122 ,PASS,
B332,,CWNJ_C02-2FAP-28_2_DFU,5,PASS,,,2018-03-20-22-27-46,2018-03-20-22-35-41,PASS,1.8,PASS,PASS,PASS,PASS,PASS,PASS,PASS,PASS,PASS,PASS,PASS,PASS,PASS, v0011 , v0011 , v0012 , v0427 , v0000 , v0002 , v0011 , v0122 ,PASS,
B332,,CWNJ_C02-2FAP-28_2_DFU,6,PASS,,,2018-03-20-22-27-46,2018-03-20-22-35-47,PASS,1.8,PASS,PASS,PASS,PASS,PASS,PASS,PASS,PASS,PASS,PASS,PASS,PASS,PASS, v0011 , v0011 , v0012 , v0427 , v0000 , v0002 , v0011 , v0122 ,
B332,,CWNJ_C02-2FAP-28_2_DFU,7,PASS,,,2018-03-20-22-27-46,2018-03-20-22-35-38,PASS,1.8,PASS,PASS,PASS,PASS,PASS,PASS,PASS,PASS,PASS,PASS,PASS,PASS,PASS, v0011 , v0011 , v0012 , v0427 , v0000 , v0002 , v0011 , v0122 ,PASS,
B332,,CWNJ_C02-2FAP-28_2_DFU,8,PASS,,,2018-03-20-22-27-46,2018-03-20-22-35-37,PASS,1.8,PASS,PASS,PASS,PASS,PASS,PASS,PASS,PASS,PASS,PASS,PASS,PASS,PASS, v0011 , v0011 , v0012 , v0427 , v0000 , v0002 , v0011 , v0122 ,PASS,
B332,,CWNJ_C02-2FAP-28_2_DFU,9,PASS,,,2018-03-20-22-27-46,2018-03-20-22-35-33,PASS,1.8,PASS,PASS,PASS,PASS,PASS,PASS,PASS,PASS,PASS,PASS,PASS,PASS,PASS, v0011 , v0011 , v0012 , v0427 , v0000 , v0002 , v0011 , v0122 ,PASS,
B332,,CWNJ_C02-2FAP-28_2_DFU,10,PASS,,,2018-03-20-22-27-46,2018-03-20-22-35-47,PASS,1.8,PASS,PASS,PASS,PASS,PASS,PASS,PASS,PASS,PASS,PASS,PASS,PASS,PASS, v0011 , v0011 , v0012 , v0427 , v0000 , v0002 , v0011 , v0122 ,PASS,
B332,,CWNJ_C02-2FAP-28_2_DFU,11,PASS,,,2018-03-20-22-27-46,2018-03-20-22-35-49,PASS,1.8,PASS,PASS,PASS,PASS,PASS,PASS,PASS,PASS,PASS,PASS,PASS,PASS,PASS, v0011 , v0011 , v0012 , v0427 , v0000 , v0002 , v0011 , v0122 ,PASS,
B332,,CWNJ_C02-2FAP-28_2_DFU,2,PASS,,,2018-03-20-22-36-59,2018-03-20-22-45-02,PASS,1.8,PASS,PASS,PASS,PASS,PASS,PASS,PASS,PASS,PASS,PASS,PASS,PASS,PASS, v0011 , v0011 , v0012 , v0427 , v0000 , v0002 , v0011 , v0122 ,PASS,
B332,,CWNJ_C02-2FAP-28_2_DFU,3,PASS,,,2018-03-20-22-36-59,2018-03-20-22-44-59,PASS,1.8,PASS,PASS,PASS,PASS,PASS,PASS,PASS,PASS,PASS,PASS,PASS,PASS,PASS, v0011 , v0011 , v0012 , v0427 , v0000 , v0002 , v0011 , v0122 ,PASS,
B332,,CWNJ_C02-2FAP-28_2_DFU,4,PASS,,,2018-03-20-22-36-59,2018-03-20-22-45-04,PASS,1.8,PASS,PASS,PASS,PASS,PASS,PASS,PASS,PASS,PASS,PASS,PASS,PASS,PASS, v0011 , v0011 , v0012 , v0427 , v0000 , v0002 , v0011 , v0122 ,PASS,
B332,,CWNJ_C02-2FAP-28_2_DFU,5,PASS,,,2018-03-20-22-36-59,2018-03-20-22-44-58,PASS,1.8,PASS,PASS,PASS,PASS,PASS,PASS,PASS,PASS,PASS,PASS,PASS,PASS,PASS, v0011 , v0011 , v0012 , v0427 , v0000 , v0002 , v0011 , v0122 ,PASS,
B332,,CWNJ_C02-2FAP-28_2_DFU,6,PASS,,,2018-03-20-22-36-59,2018-03-20-22-44-57,PASS,1.8,PASS,PASS,PASS,PASS,PASS,PASS,PASS,PASS,PASS,PASS,PASS,PASS,PASS, v0011 , v0011 , v0012 , v0427 , v0000 , v0002 , v0011 , v0122 ,
B332,,CWNJ_C02-2FAP-28_2_DFU,7,PASS,,,2018-03-20-22-36-59,2018-03-20-22-44-52,PASS,1.8,PASS,PASS,PASS,PASS,PASS,PASS,PASS,PASS,PASS,PASS,PASS,PASS,PASS, v0011 , v0011 , v0012 , v0427 , v0000 , v0002 , v0011 , v0122 ,PASS,
B332,,CWNJ_C02-2FAP-28_2_DFU,8,PASS,,,2018-03-20-22-36-59,2018-03-20-22-44-56,PASS,1.8,PASS,PASS,PASS,PASS,PASS,PASS,PASS,PASS,PASS,PASS,PASS,PASS,PASS, v0011 , v0011 , v0012 , v0427 , v0000 , v0002 , v0011 , v0122 ,PASS,
B332,,CWNJ_C02-2FAP-28_2_DFU,9,PASS,,,2018-03-20-22-36-59,2018-03-20-22-44-59,PASS,1.8,PASS,PASS,PASS,PASS,PASS,PASS,PASS,PASS,PASS,PASS,PASS,PASS,PASS, v0011 , v0011 , v0012 , v0427 , v0000 , v0002 , v0011 , v0122 ,PASS,
B332,,CWNJ_C02-2FAP-28_2_DFU,10,PASS,,,2018-03-20-22-36-59,2018-03-20-22-44-59,PASS,1.8,PASS,PASS,PASS,PASS,PASS,PASS,PASS,PASS,PASS,PASS,PASS,PASS,PASS, v0011 , v0011 , v0012 , v0427 , v0000 , v0002 , v0011 , v0122 ,PASS,
B332,,CWNJ_C02-2FAP-28_2_DFU,11,PASS,,,2018-03-20-22-36-59,2018-03-20-22-44-58,PASS,1.8,PASS,PASS,PASS,PASS,PASS,PASS,PASS,PASS,PASS,PASS,PASS,PASS,PASS, v0011 , v0011 , v0012 , v0427 , v0000 , v0002 , v0011 , v0122 ,PASS,
B332,,CWNJ_C02-2FAP-28_2_DFU,2,PASS,,,2018-03-20-22-46-15,2018-03-20-22-54-27,PASS,1.8,PASS,PASS,PASS,PASS,PASS,PASS,PASS,PASS,PASS,PASS,PASS,PASS,PASS, v0011 , v0011 , v0012 , v0427 , v0000 , v0002 , v0011 , v0122 ,PASS,
B332,,CWNJ_C02-2FAP-28_2_DFU,3,PASS,,,2018-03-20-22-46-15,2018-03-20-22-54-07,PASS,1.8,PASS,PASS,PASS,PASS,PASS,PASS,PASS,PASS,PASS,PASS,PASS,PASS,PASS, v0011 , v0011 , v0012 , v0427 , v0000 , v0002 , v0011 , v0122 ,PASS,
B332,,CWNJ_C02-2FAP-28_2_DFU,4,PASS,,,2018-03-20-22-46-15,2018-03-20-22-54-19,PASS,1.8,PASS,PASS,PASS,PASS,PASS,PASS,PASS,PASS,PASS,PASS,PASS,PASS,PASS, v0011 , v0011 , v0012 , v0427 , v0000 , v0002 , v0011 , v0122 ,PASS,
B332,,CWNJ_C02-2FAP-28_2_DFU,5,PASS,,,2018-03-20-22-46-15,2018-03-20-22-54-08,PASS,1.8,PASS,PASS,PASS,PASS,PASS,PASS,PASS,PASS,PASS,PASS,PASS,PASS,PASS, v0011 , v0011 , v0012 , v0427 , v0000 , v0002 , v0011 , v0122 ,PASS,
B332,,CWNJ_C02-2FAP-28_2_DFU,6,PASS,,,2018-03-20-22-46-15,2018-03-20-22-54-13,PASS,1.8,PASS,PASS,PASS,PASS,PASS,PASS,PASS,PASS,PASS,PASS,PASS,PASS,PASS, v0011 , v0011 , v0012 , v0427 , v0000 , v0002 , v0011 , v0122 ,
B332,,CWNJ_C02-2FAP-28_2_DFU,7,PASS,,,2018-03-20-22-46-15,2018-03-20-22-54-13,PASS,1.8,PASS,PASS,PASS,PASS,PASS,PASS,PASS,PASS,PASS,PASS,PASS,PASS,PASS, v0011 , v0011 , v0012 , v0427 , v0000 , v0002 , v0011 , v0122 ,PASS,
B332,,CWNJ_C02-2FAP-28_2_DFU,8,PASS,,,2018-03-20-22-46-15,2018-03-20-22-54-13,PASS,1.8,PASS,PASS,PASS,PASS,PASS,PASS,PASS,PASS,PASS,PASS,PASS,PASS,PASS, v0011 , v0011 , v0012 , v0427 , v0000 , v0002 , v0011 , v0122 ,PASS,
B332,,CWNJ_C02-2FAP-28_2_DFU,9,PASS,,,2018-03-20-22-46-15,2018-03-20-22-54-15,PASS,1.8,PASS,PASS,PASS,PASS,PASS,PASS,PASS,PASS,PASS,PASS,PASS,PASS,PASS, v0011 , v0011 , v0012 , v0427 , v0000 , v0002 , v0011 , v0122 ,PASS,
B332,,CWNJ_C02-2FAP-28_2_DFU,10,PASS,,,2018-03-20-22-46-15,2018-03-20-22-54-15,PASS,1.8,PASS,PASS,PASS,PASS,PASS,PASS,PASS,PASS,PASS,PASS,PASS,PASS,PASS, v0011 , v0011 , v0012 , v0427 , v0000 , v0002 , v0011 , v0122 ,PASS,
B332,,CWNJ_C02-2FAP-28_2_DFU,11,PASS,,,2018-03-20-22-46-15,2018-03-20-22-54-11,PASS,1.8,PASS,PASS,PASS,PASS,PASS,PASS,PASS,PASS,PASS,PASS,PASS,PASS,PASS, v0011 , v0011 , v0012 , v0427 , v0000 , v0002 , v0011 , v0122 ,PASS,
B332,,CWNJ_C02-2FAP-28_2_DFU,2,PASS,,,2018-03-20-22-55-41,2018-03-20-23-03-39,PASS,1.8,PASS,PASS,PASS,PASS,PASS,PASS,PASS,PASS,PASS,PASS,PASS,PASS,PASS, v0011 , v0011 , v0012 , v0427 , v0000 , v0002 , v0011 , v0122 ,PASS,
B332,,CWNJ_C02-2FAP-28_2_DFU,3,PASS,,,2018-03-20-22-55-41,2018-03-20-23-03-39,PASS,1.8,PASS,PASS,PASS,PASS,PASS,PASS,PASS,PASS,PASS,PASS,PASS,PASS,PASS, v0011 , v0011 , v0012 , v0427 , v0000 , v0002 , v0011 , v0122 ,PASS,
B332,,CWNJ_C02-2FAP-28_2_DFU,4,PASS,,,2018-03-20-22-55-41,2018-03-20-23-03-45,PASS,1.8,PASS,PASS,PASS,PASS,PASS,PASS,PASS,PASS,PASS,PASS,PASS,PASS,PASS, v0011 , v0011 , v0012 , v0427 , v0000 , v0002 , v0011 , v0122 ,PASS,
B332,,CWNJ_C02-2FAP-28_2_DFU,5,PASS,,,2018-03-20-22-55-41,2018-03-20-23-03-44,PASS,1.8,PASS,PASS,PASS,PASS,PASS,PASS,PASS,PASS,PASS,PASS,PASS,PASS,PASS, v0011 , v0011 , v0012 , v0427 , v0000 , v0002 , v0011 , v0122 ,PASS,
B332,,CWNJ_C02-2FAP-28_2_DFU,6,PASS,,,2018-03-20-22-55-41,2018-03-20-23-03-39,PASS,1.8,PASS,PASS,PASS,PASS,PASS,PASS,PASS,PASS,PASS,PASS,PASS,PASS,PASS, v0011 , v0011 , v0012 , v0427 , v0000 , v0002 , v0011 , v0122 ,
B332,,CWNJ_C02-2FAP-28_2_DFU,7,PASS,,,2018-03-20-22-55-41,2018-03-20-23-03-28,PASS,1.8,PASS,PASS,PASS,PASS,PASS,PASS,PASS,PASS,PASS,PASS,PASS,PASS,PASS, v0011 , v0011 , v0012 , v0427 , v0000 , v0002 , v0011 , v0122 ,PASS,
B332,,CWNJ_C02-2FAP-28_2_DFU,8,PASS,,,2018-03-20-22-55-41,2018-03-20-23-03-36,PASS,1.8,PASS,PASS,PASS,PASS,PASS,PASS,PASS,PASS,PASS,PASS,PASS,PASS,PASS, v0011 , v0011 , v0012 , v0427 , v0000 , v0002 , v0011 , v0122 ,PASS,
B332,,CWNJ_C02-2FAP-28_2_DFU,9,PASS,,,2018-03-20-22-55-41,2018-03-20-23-03-41,PASS,1.8,PASS,PASS,PASS,PASS,PASS,PASS,PASS,PASS,PASS,PASS,PASS,PASS,PASS, v0011 , v0011 , v0012 , v0427 , v0000 , v0002 , v0011 , v0122 ,PASS,
B332,,CWNJ_C02-2FAP-28_2_DFU,10,PASS,,,2018-03-20-22-55-41,2018-03-20-23-03-29,PASS,1.8,PASS,PASS,PASS,PASS,PASS,PASS,PASS,PASS,PASS,PASS,PASS,PASS,PASS, v0011 , v0011 , v0012 , v0427 , v0000 , v0002 , v0011 , v0122 ,PASS,
B332,,CWNJ_C02-2FAP-28_2_DFU,11,PASS,,,2018-03-20-22-55-41,2018-03-20-23-03-36,PASS,1.8,PASS,PASS,PASS,PASS,PASS,PASS,PASS,PASS,PASS,PASS,PASS,PASS,PASS, v0011 , v0011 , v0012 , v0427 , v0000 , v0002 , v0011 , v0122 ,PASS,
B332,,CWNJ_C02-2FAP-28_2_DFU,2,PASS,,,2018-03-20-23-04-54,2018-03-20-23-13-02,PASS,1.8,PASS,PASS,PASS,PASS,PASS,PASS,PASS,PASS,PASS,PASS,PASS,PASS,PASS, v0011 , v0011 , v0012 , v0427 , v0000 , v0002 , v0011 , v0122 ,PASS,
B332,,CWNJ_C02-2FAP-28_2_DFU,3,PASS,,,2018-03-20-23-04-54,2018-03-20-23-12-43,PASS,1.8,PASS,PASS,PASS,PASS,PASS,PASS,PASS,PASS,PASS,PASS,PASS,PASS,PASS, v0011 , v0011 , v0012 , v0427 , v0000 , v0002 , v0011 , v0122 ,PASS,
B332,,CWNJ_C02-2FAP-28_2_DFU,4,PASS,,,2018-03-20-23-04-54,2018-03-20-23-12-59,PASS,1.8,PASS,PASS,PASS,PASS,PASS,PASS,PASS,PASS,PASS,PASS,PASS,PASS,PASS, v0011 , v0011 , v0012 , v0427 , v0000 , v0002 , v0011 , v0122 ,PASS,
B332,,CWNJ_C02-2FAP-28_2_DFU,5,PASS,,,2018-03-20-23-04-54,2018-03-20-23-12-52,PASS,1.8,PASS,PASS,PASS,PASS,PASS,PASS,PASS,PASS,PASS,PASS,PASS,PASS,PASS, v0011 , v0011 , v0012 , v0427 , v0000 , v0002 , v0011 , v0122 ,PASS,
B332,,CWNJ_C02-2FAP-28_2_DFU,6,PASS,,,2018-03-20-23-04-54,2018-03-20-23-12-54,PASS,1.8,PASS,PASS,PASS,PASS,PASS,PASS,PASS,PASS,PASS,PASS,PASS,PASS,PASS, v0011 , v0011 , v0012 , v0427 , v0000 , v0002 , v0011 , v0122 ,
B332,,CWNJ_C02-2FAP-28_2_DFU,7,PASS,,,2018-03-20-23-04-54,2018-03-20-23-12-41,PASS,1.8,PASS,PASS,PASS,PASS,PASS,PASS,PASS,PASS,PASS,PASS,PASS,PASS,PASS, v0011 , v0011 , v0012 , v0427 , v0000 , v0002 , v0011 , v0122 ,PASS,
B332,,CWNJ_C02-2FAP-28_2_DFU,8,PASS,,,2018-03-20-23-04-54,2018-03-20-23-12-48,PASS,1.8,PASS,PASS,PASS,PASS,PASS,PASS,PASS,PASS,PASS,PASS,PASS,PASS,PASS, v0011 , v0011 , v0012 , v0427 , v0000 , v0002 , v0011 , v0122 ,PASS,
B332,,CWNJ_C02-2FAP-28_2_DFU,9,PASS,,,2018-03-20-23-04-54,2018-03-20-23-12-53,PASS,1.8,PASS,PASS,PASS,PASS,PASS,PASS,PASS,PASS,PASS,PASS,PASS,PASS,PASS, v0011 , v0011 , v0012 , v0427 , v0000 , v0002 , v0011 , v0122 ,PASS,
B332,,CWNJ_C02-2FAP-28_2_DFU,10,PASS,,,2018-03-20-23-04-54,2018-03-20-23-12-54,PASS,1.8,PASS,PASS,PASS,PASS,PASS,PASS,PASS,PASS,PASS,PASS,PASS,PASS,PASS, v0011 , v0011 , v0012 , v0427 , v0000 , v0002 , v0011 , v0122 ,PASS,
B332,,CWNJ_C02-2FAP-28_2_DFU,11,PASS,,,2018-03-20-23-04-54,2018-03-20-23-12-53,PASS,1.8,PASS,PASS,PASS,PASS,PASS,PASS,PASS,PASS,PASS,PASS,PASS,PASS,PASS, v0011 , v0011 , v0012 , v0427 , v0000 , v0002 , v0011 , v0122 ,PASS,
B332,,CWNJ_C02-2FAP-28_2_DFU,2,PASS,,,2018-03-20-23-14-16,2018-03-20-23-22-10,PASS,1.8,PASS,PASS,PASS,PASS,PASS,PASS,PASS,PASS,PASS,PASS,PASS,PASS,PASS, v0011 , v0011 , v0012 , v0427 , v0000 , v0002 , v0011 , v0122 ,PASS,
B332,,CWNJ_C02-2FAP-28_2_DFU,3,PASS,,,2018-03-20-23-14-16,2018-03-20-23-22-11,PASS,1.8,PASS,PASS,PASS,PASS,PASS,PASS,PASS,PASS,PASS,PASS,PASS,PASS,PASS, v0011 , v0011 , v0012 , v0427 , v0000 , v0002 , v0011 , v0122 ,PASS,
B332,,CWNJ_C02-2FAP-28_2_DFU,4,PASS,,,2018-03-20-23-14-16,2018-03-20-23-22-20,PASS,1.8,PASS,PASS,PASS,PASS,PASS,PASS,PASS,PASS,PASS,PASS,PASS,PASS,PASS, v0011 , v0011 , v0012 , v0427 , v0000 , v0002 , v0011 , v0122 ,PASS,
B332,,CWNJ_C02-2FAP-28_2_DFU,5,PASS,,,2018-03-20-23-14-16,2018-03-20-23-22-13,PASS,1.8,PASS,PASS,PASS,PASS,PASS,PASS,PASS,PASS,PASS,PASS,PASS,PASS,PASS, v0011 , v0011 , v0012 , v0427 , v0000 , v0002 , v0011 , v0122 ,PASS,
B332,,CWNJ_C02-2FAP-28_2_DFU,6,PASS,,,2018-03-20-23-14-16,2018-03-20-23-22-14,PASS,1.8,PASS,PASS,PASS,PASS,PASS,PASS,PASS,PASS,PASS,PASS,PASS,PASS,PASS, v0011 , v0011 , v0012 , v0427 , v0000 , v0002 , v0011 , v0122 ,
B332,,CWNJ_C02-2FAP-28_2_DFU,7,PASS,,,2018-03-20-23-14-16,2018-03-20-23-21-59,PASS,1.8,PASS,PASS,PASS,PASS,PASS,PASS,PASS,PASS,PASS,PASS,PASS,PASS,PASS, v0011 , v0011 , v0012 , v0427 , v0000 , v0002 , v0011 , v0122 ,PASS,
B332,,CWNJ_C02-2FAP-28_2_DFU,8,PASS,,,2018-03-20-23-14-16,2018-03-20-23-22-04,PASS,1.8,PASS,PASS,PASS,PASS,PASS,PASS,PASS,PASS,PASS,PASS,PASS,PASS,PASS, v0011 , v0011 , v0012 , v0427 , v0000 , v0002 , v0011 , v0122 ,PASS,
B332,,CWNJ_C02-2FAP-28_2_DFU,9,PASS,,,2018-03-20-23-14-16,2018-03-20-23-22-13,PASS,1.8,PASS,PASS,PASS,PASS,PASS,PASS,PASS,PASS,PASS,PASS,PASS,PASS,PASS, v0011 , v0011 , v0012 , v0427 , v0000 , v0002 , v0011 , v0122 ,PASS,
B332,,CWNJ_C02-2FAP-28_2_DFU,10,PASS,,,2018-03-20-23-14-16,2018-03-20-23-22-09,PASS,1.8,PASS,PASS,PASS,PASS,PASS,PASS,PASS,PASS,PASS,PASS,PASS,PASS,PASS, v0011 , v0011 , v0012 , v0427 , v0000 , v0002 , v0011 , v0122 ,PASS,
B332,,CWNJ_C02-2FAP-28_2_DFU,11,PASS,,,2018-03-20-23-14-16,2018-03-20-23-22-16,PASS,1.8,PASS,PASS,PASS,PASS,PASS,PASS,PASS,PASS,PASS,PASS,PASS,PASS,PASS, v0011 , v0011 , v0012 , v0427 , v0000 , v0002 , v0011 , v0122 ,PASS,
B332,,CWNJ_C02-2FAP-28_2_DFU,2,PASS,,,2018-03-20-23-23-29,2018-03-20-23-31-29,PASS,1.8,PASS,PASS,PASS,PASS,PASS,PASS,PASS,PASS,PASS,PASS,PASS,PASS,PASS, v0011 , v0011 , v0012 , v0427 , v0000 , v0002 , v0011 , v0122 ,PASS,
B332,,CWNJ_C02-2FAP-28_2_DFU,3,PASS,,,2018-03-20-23-23-29,2018-03-20-23-31-22,PASS,1.8,PASS,PASS,PASS,PASS,PASS,PASS,PASS,PASS,PASS,PASS,PASS,PASS,PASS, v0011 , v0011 , v0012 , v0427 , v0000 , v0002 , v0011 , v0122 ,PASS,
B332,,CWNJ_C02-2FAP-28_2_DFU,4,PASS,,,2018-03-20-23-23-29,2018-03-20-23-31-34,PASS,1.8,PASS,PASS,PASS,PASS,PASS,PASS,PASS,PASS,PASS,PASS,PASS,PASS,PASS, v0011 , v0011 , v0012 , v0427 , v0000 , v0002 , v0011 , v0122 ,PASS,
B332,,CWNJ_C02-2FAP-28_2_DFU,5,PASS,,,2018-03-20-23-23-29,2018-03-20-23-31-25,PASS,1.8,PASS,PASS,PASS,PASS,PASS,PASS,PASS,PASS,PASS,PASS,PASS,PASS,PASS, v0011 , v0011 , v0012 , v0427 , v0000 , v0002 , v0011 , v0122 ,PASS,
B332,,CWNJ_C02-2FAP-28_2_DFU,6,PASS,,,2018-03-20-23-23-29,2018-03-20-23-31-24,PASS,1.8,PASS,PASS,PASS,PASS,PASS,PASS,PASS,PASS,PASS,PASS,PASS,PASS,PASS, v0011 , v0011 , v0012 , v0427 , v0000 , v0002 , v0011 , v0122 ,
B332,,CWNJ_C02-2FAP-28_2_DFU,7,PASS,,,2018-03-20-23-23-29,2018-03-20-23-31-13,PASS,1.8,PASS,PASS,PASS,PASS,PASS,PASS,PASS,PASS,PASS,PASS,PASS,PASS,PASS, v0011 , v0011 , v0012 , v0427 , v0000 , v0002 , v0011 , v0122 ,PASS,
B332,,CWNJ_C02-2FAP-28_2_DFU,8,PASS,,,2018-03-20-23-23-29,2018-03-20-23-31-21,PASS,1.8,PASS,PASS,PASS,PASS,PASS,PASS,PASS,PASS,PASS,PASS,PASS,PASS,PASS, v0011 , v0011 , v0012 , v0427 , v0000 , v0002 , v0011 , v0122 ,PASS,
B332,,CWNJ_C02-2FAP-28_2_DFU,9,PASS,,,2018-03-20-23-23-29,2018-03-20-23-31-25,PASS,1.8,PASS,PASS,PASS,PASS,PASS,PASS,PASS,PASS,PASS,PASS,PASS,PASS,PASS, v0011 , v0011 , v0012 , v0427 , v0000 , v0002 , v0011 , v0122 ,PASS,
B332,,CWNJ_C02-2FAP-28_2_DFU,10,PASS,,,2018-03-20-23-23-29,2018-03-20-23-31-29,PASS,1.8,PASS,PASS,PASS,PASS,PASS,PASS,PASS,PASS,PASS,PASS,PASS,PASS,PASS, v0011 , v0011 , v0012 , v0427 , v0000 , v0002 , v0011 , v0122 ,PASS,
B332,,CWNJ_C02-2FAP-28_2_DFU,11,PASS,,,2018-03-20-23-23-29,2018-03-20-23-31-29,PASS,1.8,PASS,PASS,PASS,PASS,PASS,PASS,PASS,PASS,PASS,PASS,PASS,PASS,PASS, v0011 , v0011 , v0012 , v0427 , v0000 , v0002 , v0011 , v0122 ,PASS,
B332,,CWNJ_C02-2FAP-28_2_DFU,2,PASS,,,2018-03-20-23-32-43,2018-03-20-23-40-51,PASS,1.8,PASS,PASS,PASS,PASS,PASS,PASS,PASS,PASS,PASS,PASS,PASS,PASS,PASS, v0011 , v0011 , v0012 , v0427 , v0000 , v0002 , v0011 , v0122 ,PASS,
B332,,CWNJ_C02-2FAP-28_2_DFU,3,PASS,,,2018-03-20-23-32-43,2018-03-20-23-40-39,PASS,1.8,PASS,PASS,PASS,PASS,PASS,PASS,PASS,PASS,PASS,PASS,PASS,PASS,PASS, v0011 , v0011 , v0012 , v0427 , v0000 , v0002 , v0011 , v0122 ,PASS,
B332,,CWNJ_C02-2FAP-28_2_DFU,4,PASS,,,2018-03-20-23-32-43,2018-03-20-23-40-47,PASS,1.8,PASS,PASS,PASS,PASS,PASS,PASS,PASS,PASS,PASS,PASS,PASS,PASS,PASS, v0011 , v0011 , v0012 , v0427 , v0000 , v0002 , v0011 , v0122 ,PASS,
B332,,CWNJ_C02-2FAP-28_2_DFU,5,PASS,,,2018-03-20-23-32-43,2018-03-20-23-40-38,PASS,1.8,PASS,PASS,PASS,PASS,PASS,PASS,PASS,PASS,PASS,PASS,PASS,PASS,PASS, v0011 , v0011 , v0012 , v0427 , v0000 , v0002 , v0011 , v0122 ,PASS,
B332,,CWNJ_C02-2FAP-28_2_DFU,6,PASS,,,2018-03-20-23-32-43,2018-03-20-23-40-40,PASS,1.8,PASS,PASS,PASS,PASS,PASS,PASS,PASS,PASS,PASS,PASS,PASS,PASS,PASS, v0011 , v0011 , v0012 , v0427 , v0000 , v0002 , v0011 , v0122 ,
B332,,CWNJ_C02-2FAP-28_2_DFU,7,PASS,,,2018-03-20-23-32-43,2018-03-20-23-40-40,PASS,1.8,PASS,PASS,PASS,PASS,PASS,PASS,PASS,PASS,PASS,PASS,PASS,PASS,PASS, v0011 , v0011 , v0012 , v0427 , v0000 , v0002 , v0011 , v0122 ,PASS,
B332,,CWNJ_C02-2FAP-28_2_DFU,8,PASS,,,2018-03-20-23-32-43,2018-03-20-23-40-36,PASS,1.8,PASS,PASS,PASS,PASS,PASS,PASS,PASS,PASS,PASS,PASS,PASS,PASS,PASS, v0011 , v0011 , v0012 , v0427 , v0000 , v0002 , v0011 , v0122 ,PASS,
B332,,CWNJ_C02-2FAP-28_2_DFU,9,PASS,,,2018-03-20-23-32-43,2018-03-20-23-40-43,PASS,1.8,PASS,PASS,PASS,PASS,PASS,PASS,PASS,PASS,PASS,PASS,PASS,PASS,PASS, v0011 , v0011 , v0012 , v0427 , v0000 , v0002 , v0011 , v0122 ,PASS,
B332,,CWNJ_C02-2FAP-28_2_DFU,10,PASS,,,2018-03-20-23-32-43,2018-03-20-23-40-45,PASS,1.8,PASS,PASS,PASS,PASS,PASS,PASS,PASS,PASS,PASS,PASS,PASS,PASS,PASS, v0011 , v0011 , v0012 , v0427 , v0000 , v0002 , v0011 , v0122 ,PASS,
B332,,CWNJ_C02-2FAP-28_2_DFU,11,PASS,,,2018-03-20-23-32-43,2018-03-20-23-40-40,PASS,1.8,PASS,PASS,PASS,PASS,PASS,PASS,PASS,PASS,PASS,PASS,PASS,PASS,PASS, v0011 , v0011 , v0012 , v0427 , v0000 , v0002 , v0011 , v0122 ,PASS,
B332,,CWNJ_C02-2FAP-28_2_DFU,2,PASS,,,2018-03-20-23-42-04,2018-03-20-23-50-13,PASS,1.8,PASS,PASS,PASS,PASS,PASS,PASS,PASS,PASS,PASS,PASS,PASS,PASS,PASS, v0011 , v0011 , v0012 , v0427 , v0000 , v0002 , v0011 , v0122 ,PASS,
B332,,CWNJ_C02-2FAP-28_2_DFU,3,PASS,,,2018-03-20-23-42-04,2018-03-20-23-50-00,PASS,1.8,PASS,PASS,PASS,PASS,PASS,PASS,PASS,PASS,PASS,PASS,PASS,PASS,PASS, v0011 , v0011 , v0012 , v0427 , v0000 , v0002 , v0011 , v0122 ,PASS,
B332,,CWNJ_C02-2FAP-28_2_DFU,4,PASS,,,2018-03-20-23-42-04,2018-03-20-23-50-08,PASS,1.8,PASS,PASS,PASS,PASS,PASS,PASS,PASS,PASS,PASS,PASS,PASS,PASS,PASS, v0011 , v0011 , v0012 , v0427 , v0000 , v0002 , v0011 , v0122 ,PASS,
B332,,CWNJ_C02-2FAP-28_2_DFU,5,PASS,,,2018-03-20-23-42-04,2018-03-20-23-49-58,PASS,1.8,PASS,PASS,PASS,PASS,PASS,PASS,PASS,PASS,PASS,PASS,PASS,PASS,PASS, v0011 , v0011 , v0012 , v0427 , v0000 , v0002 , v0011 , v0122 ,PASS,
B332,,CWNJ_C02-2FAP-28_2_DFU,6,PASS,,,2018-03-20-23-42-04,2018-03-20-23-50-01,PASS,1.8,PASS,PASS,PASS,PASS,PASS,PASS,PASS,PASS,PASS,PASS,PASS,PASS,PASS, v0011 , v0011 , v0012 , v0427 , v0000 , v0002 , v0011 , v0122 ,
B332,,CWNJ_C02-2FAP-28_2_DFU,7,PASS,,,2018-03-20-23-42-04,2018-03-20-23-49-54,PASS,1.8,PASS,PASS,PASS,PASS,PASS,PASS,PASS,PASS,PASS,PASS,PASS,PASS,PASS, v0011 , v0011 , v0012 , v0427 , v0000 , v0002 , v0011 , v0122 ,PASS,
B332,,CWNJ_C02-2FAP-28_2_DFU,8,PASS,,,2018-03-20-23-42-04,2018-03-20-23-49-52,PASS,1.8,PASS,PASS,PASS,PASS,PASS,PASS,PASS,PASS,PASS,PASS,PASS,PASS,PASS, v0011 , v0011 , v0012 , v0427 , v0000 , v0002 , v0011 , v0122 ,PASS,
B332,,CWNJ_C02-2FAP-28_2_DFU,9,PASS,,,2018-03-20-23-42-04,2018-03-20-23-50-02,PASS,1.8,PASS,PASS,PASS,PASS,PASS,PASS,PASS,PASS,PASS,PASS,PASS,PASS,PASS, v0011 , v0011 , v0012 , v0427 , v0000 , v0002 , v0011 , v0122 ,PASS,
B332,,CWNJ_C02-2FAP-28_2_DFU,10,PASS,,,2018-03-20-23-42-04,2018-03-20-23-50-04,PASS,1.8,PASS,PASS,PASS,PASS,PASS,PASS,PASS,PASS,PASS,PASS,PASS,PASS,PASS, v0011 , v0011 , v0012 , v0427 , v0000 , v0002 , v0011 , v0122 ,PASS,
B332,,CWNJ_C02-2FAP-28_2_DFU,11,PASS,,,2018-03-20-23-42-04,2018-03-20-23-49-56,PASS,1.8,PASS,PASS,PASS,PASS,PASS,PASS,PASS,PASS,PASS,PASS,PASS,PASS,PASS, v0011 , v0011 , v0012 , v0427 , v0000 , v0002 , v0011 , v0122 ,PASS,
